SsOH,C1SP2,minHBa,maxssO,ALogP,ATSc1,ATSc3,ATSc5,BCUTc-1l,BCUTc-1h,BCUTp-1h,mindssC,minsssN,hmin,LipoaffinityIndex,MAXDP2,ETA_BetaP_s,nHBAcc,nBondsD2,nsssCH,bianhua
3.552713678800501e-15,0.0,-1.7267941920849113,0.0,0.0,0.0,0.0,0.0,-1.1102230246251565e-16,1.3877787807814457e-17,1.7763568394002505e-15,1.1102230246251565e-16,0.0,-5.551115123125783e-17,-1.7763568394002505e-15,8.881784197001252e-16,1.1102230246251565e-16,0.0,0.0,0.0,5.6873074
3.552713678800501e-15,0.0,-1.716264959206345,0.0,0.0,0.0,0.0,0.0,-1.1102230246251565e-16,1.3877787807814457e-17,1.7763568394002505e-15,1.1102230246251565e-16,0.0,-5.551115123125783e-17,-1.7763568394002505e-15,8.881784197001252e-16,1.1102230246251565e-16,0.0,0.0,0.0,5.6873074
3.552713678800501e-15,0.0,-1.7057357263277784,0.0,0.0,0.0,0.0,0.0,-1.1102230246251565e-16,1.3877787807814457e-17,1.7763568394002505e-15,1.1102230246251565e-16,0.0,-5.551115123125783e-17,-1.7763568394002505e-15,8.881784197001252e-16,1.1102230246251565e-16,0.0,0.0,0.0,5.6873074
3.552713678800501e-15,0.0,-1.695206493449212,0.0,0.0,0.0,0.0,0.0,-1.1102230246251565e-16,1.3877787807814457e-17,1.7763568394002505e-15,1.1102230246251565e-16,0.0,-5.551115123125783e-17,-1.7763568394002505e-15,8.881784197001252e-16,1.1102230246251565e-16,0.0,0.0,0.0,5.6873074
3.552713678800501e-15,0.0,-1.6846772605706453,0.0,0.0,0.0,0.0,0.0,-1.1102230246251565e-16,1.3877787807814457e-17,1.7763568394002505e-15,1.1102230246251565e-16,0.0,-5.551115123125783e-17,-1.7763568394002505e-15,8.881784197001252e-16,1.1102230246251565e-16,0.0,0.0,0.0,5.6873074
3.552713678800501e-15,0.0,-1.6741480276920788,0.0,0.0,0.0,0.0,0.0,-1.1102230246251565e-16,1.3877787807814457e-17,1.7763568394002505e-15,1.1102230246251565e-16,0.0,-5.551115123125783e-17,-1.7763568394002505e-15,8.881784197001252e-16,1.1102230246251565e-16,0.0,0.0,0.0,5.6873074
3.552713678800501e-15,0.0,-1.6636187948135124,0.0,0.0,0.0,0.0,0.0,-1.1102230246251565e-16,1.3877787807814457e-17,1.7763568394002505e-15,1.1102230246251565e-16,0.0,-5.551115123125783e-17,-1.7763568394002505e-15,8.881784197001252e-16,1.1102230246251565e-16,0.0,0.0,0.0,5.6873074
3.552713678800501e-15,0.0,-1.6530895619349457,0.0,0.0,0.0,0.0,0.0,-1.1102230246251565e-16,1.3877787807814457e-17,1.7763568394002505e-15,1.1102230246251565e-16,0.0,-5.551115123125783e-17,-1.7763568394002505e-15,8.881784197001252e-16,1.1102230246251565e-16,0.0,0.0,0.0,5.6873074
3.552713678800501e-15,0.0,-1.642560329056379,0.0,0.0,0.0,0.0,0.0,-1.1102230246251565e-16,1.3877787807814457e-17,1.7763568394002505e-15,1.1102230246251565e-16,0.0,-5.551115123125783e-17,-1.7763568394002505e-15,8.881784197001252e-16,1.1102230246251565e-16,0.0,0.0,0.0,5.6873074
3.552713678800501e-15,0.0,-1.6320310961778126,0.0,0.0,0.0,0.0,0.0,-1.1102230246251565e-16,1.3877787807814457e-17,1.7763568394002505e-15,1.1102230246251565e-16,0.0,-5.551115123125783e-17,-1.7763568394002505e-15,8.881784197001252e-16,1.1102230246251565e-16,0.0,0.0,0.0,5.6873074
3.552713678800501e-15,0.0,-1.6215018632992462,0.0,0.0,0.0,0.0,0.0,-1.1102230246251565e-16,1.3877787807814457e-17,1.7763568394002505e-15,1.1102230246251565e-16,0.0,-5.551115123125783e-17,-1.7763568394002505e-15,8.881784197001252e-16,1.1102230246251565e-16,0.0,0.0,0.0,5.6873074
3.552713678800501e-15,0.0,-1.6109726304206797,0.0,0.0,0.0,0.0,0.0,-1.1102230246251565e-16,1.3877787807814457e-17,1.7763568394002505e-15,1.1102230246251565e-16,0.0,-5.551115123125783e-17,-1.7763568394002505e-15,8.881784197001252e-16,1.1102230246251565e-16,0.0,0.0,0.0,5.6873074
3.552713678800501e-15,0.0,-1.600443397542113,0.0,0.0,0.0,0.0,0.0,-1.1102230246251565e-16,1.3877787807814457e-17,1.7763568394002505e-15,1.1102230246251565e-16,0.0,-5.551115123125783e-17,-1.7763568394002505e-15,8.881784197001252e-16,1.1102230246251565e-16,0.0,0.0,0.0,5.6873074
3.552713678800501e-15,0.0,-1.5899141646635464,0.0,0.0,0.0,0.0,0.0,-1.1102230246251565e-16,1.3877787807814457e-17,1.7763568394002505e-15,1.1102230246251565e-16,0.0,-5.551115123125783e-17,-1.7763568394002505e-15,8.881784197001252e-16,1.1102230246251565e-16,0.0,0.0,0.0,5.6873074
3.552713678800501e-15,0.0,-1.57938493178498,0.0,0.0,0.0,0.0,0.0,-1.1102230246251565e-16,1.3877787807814457e-17,1.7763568394002505e-15,1.1102230246251565e-16,0.0,-5.551115123125783e-17,-1.7763568394002505e-15,8.881784197001252e-16,1.1102230246251565e-16,0.0,0.0,0.0,5.6873074
3.552713678800501e-15,0.0,-1.5688556989064135,0.0,0.0,0.0,0.0,0.0,-1.1102230246251565e-16,1.3877787807814457e-17,1.7763568394002505e-15,1.1102230246251565e-16,0.0,-5.551115123125783e-17,-1.7763568394002505e-15,8.881784197001252e-16,1.1102230246251565e-16,0.0,0.0,0.0,5.6873074
3.552713678800501e-15,0.0,-1.558326466027847,0.0,0.0,0.0,0.0,0.0,-1.1102230246251565e-16,1.3877787807814457e-17,1.7763568394002505e-15,1.1102230246251565e-16,0.0,-5.551115123125783e-17,-1.7763568394002505e-15,8.881784197001252e-16,1.1102230246251565e-16,0.0,0.0,0.0,5.6873074
3.552713678800501e-15,0.0,-1.5477972331492804,0.0,0.0,0.0,0.0,0.0,-1.1102230246251565e-16,1.3877787807814457e-17,1.7763568394002505e-15,1.1102230246251565e-16,0.0,-5.551115123125783e-17,-1.7763568394002505e-15,8.881784197001252e-16,1.1102230246251565e-16,0.0,0.0,0.0,5.6873074
3.552713678800501e-15,0.0,-1.5372680002707138,0.0,0.0,0.0,0.0,0.0,-1.1102230246251565e-16,1.3877787807814457e-17,1.7763568394002505e-15,1.1102230246251565e-16,0.0,-5.551115123125783e-17,-1.7763568394002505e-15,8.881784197001252e-16,1.1102230246251565e-16,0.0,0.0,0.0,5.6873074
3.552713678800501e-15,0.0,-1.5267387673921473,0.0,0.0,0.0,0.0,0.0,-1.1102230246251565e-16,1.3877787807814457e-17,1.7763568394002505e-15,1.1102230246251565e-16,0.0,-5.551115123125783e-17,-1.7763568394002505e-15,8.881784197001252e-16,1.1102230246251565e-16,0.0,0.0,0.0,5.6873074
3.552713678800501e-15,0.0,-1.5162095345135809,0.0,0.0,0.0,0.0,0.0,-1.1102230246251565e-16,1.3877787807814457e-17,1.7763568394002505e-15,1.1102230246251565e-16,0.0,-5.551115123125783e-17,-1.7763568394002505e-15,8.881784197001252e-16,1.1102230246251565e-16,0.0,0.0,0.0,5.6873074
3.552713678800501e-15,0.0,-1.5056803016350144,0.0,0.0,0.0,0.0,0.0,-1.1102230246251565e-16,1.3877787807814457e-17,1.7763568394002505e-15,1.1102230246251565e-16,0.0,-5.551115123125783e-17,-1.7763568394002505e-15,8.881784197001252e-16,1.1102230246251565e-16,0.0,0.0,0.0,5.6903906
3.552713678800501e-15,0.0,-1.4951510687564478,0.0,0.0,0.0,0.0,0.0,-1.1102230246251565e-16,1.3877787807814457e-17,1.7763568394002505e-15,1.1102230246251565e-16,0.0,-5.551115123125783e-17,-1.7763568394002505e-15,8.881784197001252e-16,1.1102230246251565e-16,0.0,0.0,0.0,5.6903906
3.552713678800501e-15,0.0,-1.484621835877881,0.0,0.0,0.0,0.0,0.0,-1.1102230246251565e-16,1.3877787807814457e-17,1.7763568394002505e-15,1.1102230246251565e-16,0.0,-5.551115123125783e-17,-1.7763568394002505e-15,8.881784197001252e-16,1.1102230246251565e-16,0.0,0.0,0.0,5.6903906
3.552713678800501e-15,0.0,-1.4740926029993147,0.0,0.0,0.0,0.0,0.0,-1.1102230246251565e-16,1.3877787807814457e-17,1.7763568394002505e-15,1.1102230246251565e-16,0.0,-5.551115123125783e-17,-1.7763568394002505e-15,8.881784197001252e-16,1.1102230246251565e-16,0.0,0.0,0.0,5.6903906
3.552713678800501e-15,0.0,-1.4635633701207482,0.0,0.0,0.0,0.0,0.0,-1.1102230246251565e-16,1.3877787807814457e-17,1.7763568394002505e-15,1.1102230246251565e-16,0.0,-5.551115123125783e-17,-1.7763568394002505e-15,8.881784197001252e-16,1.1102230246251565e-16,0.0,0.0,0.0,5.6903906
3.552713678800501e-15,0.0,-1.4530341372421816,0.0,0.0,0.0,0.0,0.0,-1.1102230246251565e-16,1.3877787807814457e-17,1.7763568394002505e-15,1.1102230246251565e-16,0.0,-5.551115123125783e-17,-1.7763568394002505e-15,8.881784197001252e-16,1.1102230246251565e-16,0.0,0.0,0.0,5.6903906
3.552713678800501e-15,0.0,-1.4425049043636151,0.0,0.0,0.0,0.0,0.0,-1.1102230246251565e-16,1.3877787807814457e-17,1.7763568394002505e-15,1.1102230246251565e-16,0.0,-5.551115123125783e-17,-1.7763568394002505e-15,8.881784197001252e-16,1.1102230246251565e-16,0.0,0.0,0.0,5.679611
3.552713678800501e-15,0.0,-1.4319756714850485,0.0,0.0,0.0,0.0,0.0,-1.1102230246251565e-16,1.3877787807814457e-17,1.7763568394002505e-15,1.1102230246251565e-16,0.0,-5.551115123125783e-17,-1.7763568394002505e-15,8.881784197001252e-16,1.1102230246251565e-16,0.0,0.0,0.0,5.6647844
3.552713678800501e-15,0.0,-1.421446438606482,0.0,0.0,0.0,0.0,0.0,-1.1102230246251565e-16,1.3877787807814457e-17,1.7763568394002505e-15,1.1102230246251565e-16,0.0,-5.551115123125783e-17,-1.7763568394002505e-15,8.881784197001252e-16,1.1102230246251565e-16,0.0,0.0,0.0,5.6647844
3.552713678800501e-15,0.0,-1.4109172057279156,0.0,0.0,0.0,0.0,0.0,-1.1102230246251565e-16,1.3877787807814457e-17,1.7763568394002505e-15,1.1102230246251565e-16,0.0,-5.551115123125783e-17,-1.7763568394002505e-15,8.881784197001252e-16,1.1102230246251565e-16,0.0,0.0,0.0,5.671655
3.552713678800501e-15,0.0,-1.400387972849349,0.0,0.0,0.0,0.0,0.0,-1.1102230246251565e-16,1.3877787807814457e-17,1.7763568394002505e-15,1.1102230246251565e-16,0.0,-5.551115123125783e-17,-1.7763568394002505e-15,8.881784197001252e-16,1.1102230246251565e-16,0.0,0.0,0.0,5.671655
3.552713678800501e-15,0.0,-1.3898587399707825,0.0,0.0,0.0,0.0,0.0,-1.1102230246251565e-16,1.3877787807814457e-17,1.7763568394002505e-15,1.1102230246251565e-16,0.0,-5.551115123125783e-17,-1.7763568394002505e-15,8.881784197001252e-16,1.1102230246251565e-16,0.0,0.0,0.0,5.6363735
3.552713678800501e-15,0.0,-1.3793295070922158,0.0,0.0,0.0,0.0,0.0,-1.1102230246251565e-16,1.3877787807814457e-17,1.7763568394002505e-15,1.1102230246251565e-16,0.0,-5.551115123125783e-17,-1.7763568394002505e-15,8.881784197001252e-16,1.1102230246251565e-16,0.0,0.0,0.0,5.633573
3.552713678800501e-15,0.0,-1.3688002742136494,0.0,0.0,0.0,0.0,0.0,-1.1102230246251565e-16,1.3877787807814457e-17,1.7763568394002505e-15,1.1102230246251565e-16,0.0,-5.551115123125783e-17,-1.7763568394002505e-15,8.881784197001252e-16,1.1102230246251565e-16,0.0,0.0,0.0,5.6415586
3.552713678800501e-15,0.0,-1.358271041335083,0.0,0.0,0.0,0.0,0.0,-1.1102230246251565e-16,1.3877787807814457e-17,1.7763568394002505e-15,1.1102230246251565e-16,0.0,-5.551115123125783e-17,-1.7763568394002505e-15,8.881784197001252e-16,1.1102230246251565e-16,0.0,0.0,0.0,5.726002
3.552713678800501e-15,0.0,-1.3477418084565163,0.0,0.0,0.0,0.0,0.0,-1.1102230246251565e-16,1.3877787807814457e-17,1.7763568394002505e-15,1.1102230246251565e-16,0.0,-5.551115123125783e-17,-1.7763568394002505e-15,8.881784197001252e-16,1.1102230246251565e-16,0.0,0.0,0.0,5.6871543
3.552713678800501e-15,0.0,-1.3372125755779498,0.0,0.0,0.0,0.0,0.0,-1.1102230246251565e-16,1.3877787807814457e-17,1.7763568394002505e-15,1.1102230246251565e-16,0.0,-5.551115123125783e-17,-1.7763568394002505e-15,8.881784197001252e-16,1.1102230246251565e-16,0.0,0.0,0.0,5.6563354
3.552713678800501e-15,0.0,-1.3266833426993832,0.0,0.0,0.0,0.0,0.0,-1.1102230246251565e-16,1.3877787807814457e-17,1.7763568394002505e-15,1.1102230246251565e-16,0.0,-5.551115123125783e-17,-1.7763568394002505e-15,8.881784197001252e-16,1.1102230246251565e-16,0.0,0.0,0.0,5.6492047
3.552713678800501e-15,0.0,-1.3161541098208167,0.0,0.0,0.0,0.0,0.0,-1.1102230246251565e-16,1.3877787807814457e-17,1.7763568394002505e-15,1.1102230246251565e-16,0.0,-5.551115123125783e-17,-1.7763568394002505e-15,8.881784197001252e-16,1.1102230246251565e-16,0.0,0.0,0.0,5.6505275
3.552713678800501e-15,0.0,-1.3056248769422503,0.0,0.0,0.0,0.0,0.0,-1.1102230246251565e-16,1.3877787807814457e-17,1.7763568394002505e-15,1.1102230246251565e-16,0.0,-5.551115123125783e-17,-1.7763568394002505e-15,8.881784197001252e-16,1.1102230246251565e-16,0.0,0.0,0.0,5.6531625
3.552713678800501e-15,0.0,-1.2950956440636836,0.0,0.0,0.0,0.0,0.0,-1.1102230246251565e-16,1.3877787807814457e-17,1.7763568394002505e-15,1.1102230246251565e-16,0.0,-5.551115123125783e-17,-1.7763568394002505e-15,8.881784197001252e-16,1.1102230246251565e-16,0.0,0.0,0.0,5.668481
3.552713678800501e-15,0.0,-1.284566411185117,0.0,0.0,0.0,0.0,0.0,-1.1102230246251565e-16,1.3877787807814457e-17,1.7763568394002505e-15,1.1102230246251565e-16,0.0,-5.551115123125783e-17,-1.7763568394002505e-15,8.881784197001252e-16,1.1102230246251565e-16,0.0,0.0,0.0,5.668481
3.552713678800501e-15,0.0,-1.2740371783065507,0.0,0.0,0.0,0.0,0.0,-1.1102230246251565e-16,1.3877787807814457e-17,1.7763568394002505e-15,1.1102230246251565e-16,0.0,-5.551115123125783e-17,-1.7763568394002505e-15,8.881784197001252e-16,1.1102230246251565e-16,0.0,0.0,0.0,5.670131
3.552713678800501e-15,0.0,-1.263507945427984,0.0,0.0,0.0,0.0,0.0,-1.1102230246251565e-16,1.3877787807814457e-17,1.7763568394002505e-15,1.1102230246251565e-16,0.0,-5.551115123125783e-17,-1.7763568394002505e-15,8.881784197001252e-16,1.1102230246251565e-16,0.0,0.0,0.0,5.670131
3.552713678800501e-15,0.0,-1.2529787125494174,0.0,0.0,0.0,0.0,0.0,-1.1102230246251565e-16,1.3877787807814457e-17,1.7763568394002505e-15,1.1102230246251565e-16,0.0,-5.551115123125783e-17,-1.7763568394002505e-15,8.881784197001252e-16,1.1102230246251565e-16,0.0,0.0,0.0,5.6728992
3.552713678800501e-15,0.0,-1.242449479670851,0.0,0.0,0.0,0.0,0.0,-1.1102230246251565e-16,1.3877787807814457e-17,1.7763568394002505e-15,1.1102230246251565e-16,0.0,-5.551115123125783e-17,-1.7763568394002505e-15,8.881784197001252e-16,1.1102230246251565e-16,0.0,0.0,0.0,5.6728992
3.552713678800501e-15,0.0,-1.2319202467922843,0.0,0.0,0.0,0.0,0.0,-1.1102230246251565e-16,1.3877787807814457e-17,1.7763568394002505e-15,1.1102230246251565e-16,0.0,-5.551115123125783e-17,-1.7763568394002505e-15,8.881784197001252e-16,1.1102230246251565e-16,0.0,0.0,0.0,5.6728992
3.552713678800501e-15,0.0,-1.221391013913718,0.0,0.0,0.0,0.0,0.0,-1.1102230246251565e-16,1.3877787807814457e-17,1.7763568394002505e-15,1.1102230246251565e-16,0.0,-5.551115123125783e-17,-1.7763568394002505e-15,8.881784197001252e-16,1.1102230246251565e-16,0.0,0.0,0.0,5.6728992
3.552713678800501e-15,0.0,-1.2108617810351514,0.0,0.0,0.0,0.0,0.0,-1.1102230246251565e-16,1.3877787807814457e-17,1.7763568394002505e-15,1.1102230246251565e-16,0.0,-5.551115123125783e-17,-1.7763568394002505e-15,8.881784197001252e-16,1.1102230246251565e-16,0.0,0.0,0.0,5.6728992
3.552713678800501e-15,0.0,-1.2003325481565847,0.0,0.0,0.0,0.0,0.0,-1.1102230246251565e-16,1.3877787807814457e-17,1.7763568394002505e-15,1.1102230246251565e-16,0.0,-5.551115123125783e-17,-1.7763568394002505e-15,8.881784197001252e-16,1.1102230246251565e-16,0.0,0.0,0.0,5.6728992
3.552713678800501e-15,0.0,-1.1898033152780183,0.0,0.0,0.0,0.0,0.0,-1.1102230246251565e-16,1.3877787807814457e-17,1.7763568394002505e-15,1.1102230246251565e-16,0.0,-5.551115123125783e-17,-1.7763568394002505e-15,8.881784197001252e-16,1.1102230246251565e-16,0.0,0.0,0.0,5.6728992
3.552713678800501e-15,0.0,-1.1792740823994516,0.0,0.0,0.0,0.0,0.0,-1.1102230246251565e-16,1.3877787807814457e-17,1.7763568394002505e-15,1.1102230246251565e-16,0.0,-5.551115123125783e-17,-1.7763568394002505e-15,8.881784197001252e-16,1.1102230246251565e-16,0.0,0.0,0.0,5.6705656
3.552713678800501e-15,0.0,-1.1687448495208854,0.0,0.0,0.0,0.0,0.0,-1.1102230246251565e-16,1.3877787807814457e-17,1.7763568394002505e-15,1.1102230246251565e-16,0.0,-5.551115123125783e-17,-1.7763568394002505e-15,8.881784197001252e-16,1.1102230246251565e-16,0.0,0.0,0.0,5.6705656
3.552713678800501e-15,0.0,-1.1582156166423188,0.0,0.0,0.0,0.0,0.0,-1.1102230246251565e-16,1.3877787807814457e-17,1.7763568394002505e-15,1.1102230246251565e-16,0.0,-5.551115123125783e-17,-1.7763568394002505e-15,8.881784197001252e-16,1.1102230246251565e-16,0.0,0.0,0.0,5.6705656
3.552713678800501e-15,0.0,-1.147686383763752,0.0,0.0,0.0,0.0,0.0,-1.1102230246251565e-16,1.3877787807814457e-17,1.7763568394002505e-15,1.1102230246251565e-16,0.0,-5.551115123125783e-17,-1.7763568394002505e-15,8.881784197001252e-16,1.1102230246251565e-16,0.0,0.0,0.0,5.6705656
3.552713678800501e-15,0.0,-1.1371571508851857,0.0,0.0,0.0,0.0,0.0,-1.1102230246251565e-16,1.3877787807814457e-17,1.7763568394002505e-15,1.1102230246251565e-16,0.0,-5.551115123125783e-17,-1.7763568394002505e-15,8.881784197001252e-16,1.1102230246251565e-16,0.0,0.0,0.0,5.6705656
3.552713678800501e-15,0.0,-1.126627918006619,0.0,0.0,0.0,0.0,0.0,-1.1102230246251565e-16,1.3877787807814457e-17,1.7763568394002505e-15,1.1102230246251565e-16,0.0,-5.551115123125783e-17,-1.7763568394002505e-15,8.881784197001252e-16,1.1102230246251565e-16,0.0,0.0,0.0,5.6801186
3.552713678800501e-15,0.0,-1.1160986851280528,0.0,0.0,0.0,0.0,0.0,-1.1102230246251565e-16,1.3877787807814457e-17,1.7763568394002505e-15,1.1102230246251565e-16,0.0,-5.551115123125783e-17,-1.7763568394002505e-15,8.881784197001252e-16,1.1102230246251565e-16,0.0,0.0,0.0,5.6801186
3.552713678800501e-15,0.0,-1.1055694522494859,0.0,0.0,0.0,0.0,0.0,-1.1102230246251565e-16,1.3877787807814457e-17,1.7763568394002505e-15,1.1102230246251565e-16,0.0,-5.551115123125783e-17,-1.7763568394002505e-15,8.881784197001252e-16,1.1102230246251565e-16,0.0,0.0,0.0,5.6801186
3.552713678800501e-15,0.0,-1.0950402193709194,0.0,0.0,0.0,0.0,0.0,-1.1102230246251565e-16,1.3877787807814457e-17,1.7763568394002505e-15,1.1102230246251565e-16,0.0,-5.551115123125783e-17,-1.7763568394002505e-15,8.881784197001252e-16,1.1102230246251565e-16,0.0,0.0,0.0,5.6801186
3.552713678800501e-15,0.0,-1.084510986492353,0.0,0.0,0.0,0.0,0.0,-1.1102230246251565e-16,1.3877787807814457e-17,1.7763568394002505e-15,1.1102230246251565e-16,0.0,-5.551115123125783e-17,-1.7763568394002505e-15,8.881784197001252e-16,1.1102230246251565e-16,0.0,0.0,0.0,5.6801186
3.552713678800501e-15,0.0,-1.0739817536137863,0.0,0.0,0.0,0.0,0.0,-1.1102230246251565e-16,1.3877787807814457e-17,1.7763568394002505e-15,1.1102230246251565e-16,0.0,-5.551115123125783e-17,-1.7763568394002505e-15,8.881784197001252e-16,1.1102230246251565e-16,0.0,0.0,0.0,5.6801186
3.552713678800501e-15,0.0,-1.06345252073522,0.0,0.0,0.0,0.0,0.0,-1.1102230246251565e-16,1.3877787807814457e-17,1.7763568394002505e-15,1.1102230246251565e-16,0.0,-5.551115123125783e-17,-1.7763568394002505e-15,8.881784197001252e-16,1.1102230246251565e-16,0.0,0.0,0.0,5.6801186
3.552713678800501e-15,0.0,-1.0529232878566532,0.0,0.0,0.0,0.0,0.0,-1.1102230246251565e-16,1.3877787807814457e-17,1.7763568394002505e-15,1.1102230246251565e-16,0.0,-5.551115123125783e-17,-1.7763568394002505e-15,8.881784197001252e-16,1.1102230246251565e-16,0.0,0.0,0.0,5.6801186
3.552713678800501e-15,0.0,-1.0423940549780868,0.0,0.0,0.0,0.0,0.0,-1.1102230246251565e-16,1.3877787807814457e-17,1.7763568394002505e-15,1.1102230246251565e-16,0.0,-5.551115123125783e-17,-1.7763568394002505e-15,8.881784197001252e-16,1.1102230246251565e-16,0.0,0.0,0.0,5.6801186
3.552713678800501e-15,0.0,-1.0318648220995204,0.0,0.0,0.0,0.0,0.0,-1.1102230246251565e-16,1.3877787807814457e-17,1.7763568394002505e-15,1.1102230246251565e-16,0.0,-5.551115123125783e-17,-1.7763568394002505e-15,8.881784197001252e-16,1.1102230246251565e-16,0.0,0.0,0.0,5.6801186
3.552713678800501e-15,0.0,-1.0213355892209537,0.0,0.0,0.0,0.0,0.0,-1.1102230246251565e-16,1.3877787807814457e-17,1.7763568394002505e-15,1.1102230246251565e-16,0.0,-5.551115123125783e-17,-1.7763568394002505e-15,8.881784197001252e-16,1.1102230246251565e-16,0.0,0.0,0.0,5.6801186
3.552713678800501e-15,0.0,-1.0108063563423872,0.0,0.0,0.0,0.0,0.0,-1.1102230246251565e-16,1.3877787807814457e-17,1.7763568394002505e-15,1.1102230246251565e-16,0.0,-5.551115123125783e-17,-1.7763568394002505e-15,8.881784197001252e-16,1.1102230246251565e-16,0.0,0.0,0.0,5.6801186
3.552713678800501e-15,0.0,-1.0002771234638206,0.0,0.0,0.0,0.0,0.0,-1.1102230246251565e-16,1.3877787807814457e-17,1.7763568394002505e-15,1.1102230246251565e-16,0.0,-5.551115123125783e-17,-1.7763568394002505e-15,8.881784197001252e-16,1.1102230246251565e-16,0.0,0.0,0.0,5.6801186
3.552713678800501e-15,0.0,-0.9897478905852541,0.0,0.0,0.0,0.0,0.0,-1.1102230246251565e-16,1.3877787807814457e-17,1.7763568394002505e-15,1.1102230246251565e-16,0.0,-5.551115123125783e-17,-1.7763568394002505e-15,8.881784197001252e-16,1.1102230246251565e-16,0.0,0.0,0.0,5.6801186
3.552713678800501e-15,0.0,-0.9792186577066877,0.0,0.0,0.0,0.0,0.0,-1.1102230246251565e-16,1.3877787807814457e-17,1.7763568394002505e-15,1.1102230246251565e-16,0.0,-5.551115123125783e-17,-1.7763568394002505e-15,8.881784197001252e-16,1.1102230246251565e-16,0.0,0.0,0.0,5.6801186
3.552713678800501e-15,0.0,-0.9686894248281209,0.0,0.0,0.0,0.0,0.0,-1.1102230246251565e-16,1.3877787807814457e-17,1.7763568394002505e-15,1.1102230246251565e-16,0.0,-5.551115123125783e-17,-1.7763568394002505e-15,8.881784197001252e-16,1.1102230246251565e-16,0.0,0.0,0.0,5.6801186
3.552713678800501e-15,0.0,-0.9581601919495547,0.0,0.0,0.0,0.0,0.0,-1.1102230246251565e-16,1.3877787807814457e-17,1.7763568394002505e-15,1.1102230246251565e-16,0.0,-5.551115123125783e-17,-1.7763568394002505e-15,8.881784197001252e-16,1.1102230246251565e-16,0.0,0.0,0.0,5.6801186
3.552713678800501e-15,0.0,-0.947630959070988,0.0,0.0,0.0,0.0,0.0,-1.1102230246251565e-16,1.3877787807814457e-17,1.7763568394002505e-15,1.1102230246251565e-16,0.0,-5.551115123125783e-17,-1.7763568394002505e-15,8.881784197001252e-16,1.1102230246251565e-16,0.0,0.0,0.0,5.6801186
3.552713678800501e-15,0.0,-0.9371017261924215,0.0,0.0,0.0,0.0,0.0,-1.1102230246251565e-16,1.3877787807814457e-17,1.7763568394002505e-15,1.1102230246251565e-16,0.0,-5.551115123125783e-17,-1.7763568394002505e-15,8.881784197001252e-16,1.1102230246251565e-16,0.0,0.0,0.0,5.70983
3.552713678800501e-15,0.0,-0.926572493313855,0.0,0.0,0.0,0.0,0.0,-1.1102230246251565e-16,1.3877787807814457e-17,1.7763568394002505e-15,1.1102230246251565e-16,0.0,-5.551115123125783e-17,-1.7763568394002505e-15,8.881784197001252e-16,1.1102230246251565e-16,0.0,0.0,0.0,5.70983
3.552713678800501e-15,0.0,-0.9160432604352883,0.0,0.0,0.0,0.0,0.0,-1.1102230246251565e-16,1.3877787807814457e-17,1.7763568394002505e-15,1.1102230246251565e-16,0.0,-5.551115123125783e-17,-1.7763568394002505e-15,8.881784197001252e-16,1.1102230246251565e-16,0.0,0.0,0.0,5.70983
3.552713678800501e-15,0.0,-0.9055140275567221,0.0,0.0,0.0,0.0,0.0,-1.1102230246251565e-16,1.3877787807814457e-17,1.7763568394002505e-15,1.1102230246251565e-16,0.0,-5.551115123125783e-17,-1.7763568394002505e-15,8.881784197001252e-16,1.1102230246251565e-16,0.0,0.0,0.0,5.70983
3.552713678800501e-15,0.0,-0.8949847946781553,0.0,0.0,0.0,0.0,0.0,-1.1102230246251565e-16,1.3877787807814457e-17,1.7763568394002505e-15,1.1102230246251565e-16,0.0,-5.551115123125783e-17,-1.7763568394002505e-15,8.881784197001252e-16,1.1102230246251565e-16,0.0,0.0,0.0,5.70983
3.552713678800501e-15,0.0,-0.8844555617995888,0.0,0.0,0.0,0.0,0.0,-1.1102230246251565e-16,1.3877787807814457e-17,1.7763568394002505e-15,1.1102230246251565e-16,0.0,-5.551115123125783e-17,-1.7763568394002505e-15,8.881784197001252e-16,1.1102230246251565e-16,0.0,0.0,0.0,5.70983
3.552713678800501e-15,0.0,-0.8739263289210223,0.0,0.0,0.0,0.0,0.0,-1.1102230246251565e-16,1.3877787807814457e-17,1.7763568394002505e-15,1.1102230246251565e-16,0.0,-5.551115123125783e-17,-1.7763568394002505e-15,8.881784197001252e-16,1.1102230246251565e-16,0.0,0.0,0.0,5.70983
3.552713678800501e-15,0.0,-0.8633970960424556,0.0,0.0,0.0,0.0,0.0,-1.1102230246251565e-16,1.3877787807814457e-17,1.7763568394002505e-15,1.1102230246251565e-16,0.0,-5.551115123125783e-17,-1.7763568394002505e-15,8.881784197001252e-16,1.1102230246251565e-16,0.0,0.0,0.0,5.70983
3.552713678800501e-15,0.0,-0.8528678631638893,0.0,0.0,0.0,0.0,0.0,-1.1102230246251565e-16,1.3877787807814457e-17,1.7763568394002505e-15,1.1102230246251565e-16,0.0,-5.551115123125783e-17,-1.7763568394002505e-15,8.881784197001252e-16,1.1102230246251565e-16,0.0,0.0,0.0,5.70983
3.552713678800501e-15,0.0,-0.8423386302853226,0.0,0.0,0.0,0.0,0.0,-1.1102230246251565e-16,1.3877787807814457e-17,1.7763568394002505e-15,1.1102230246251565e-16,0.0,-5.551115123125783e-17,-1.7763568394002505e-15,8.881784197001252e-16,1.1102230246251565e-16,0.0,0.0,0.0,5.70983
3.552713678800501e-15,0.0,-0.8318093974067562,0.0,0.0,0.0,0.0,0.0,-1.1102230246251565e-16,1.3877787807814457e-17,1.7763568394002505e-15,1.1102230246251565e-16,0.0,-5.551115123125783e-17,-1.7763568394002505e-15,8.881784197001252e-16,1.1102230246251565e-16,0.0,0.0,0.0,5.70983
3.552713678800501e-15,0.0,-0.8212801645281896,0.0,0.0,0.0,0.0,0.0,-1.1102230246251565e-16,1.3877787807814457e-17,1.7763568394002505e-15,1.1102230246251565e-16,0.0,-5.551115123125783e-17,-1.7763568394002505e-15,8.881784197001252e-16,1.1102230246251565e-16,0.0,0.0,0.0,5.70983
3.552713678800501e-15,0.0,-0.8107509316496231,0.0,0.0,0.0,0.0,0.0,-1.1102230246251565e-16,1.3877787807814457e-17,1.7763568394002505e-15,1.1102230246251565e-16,0.0,-5.551115123125783e-17,-1.7763568394002505e-15,8.881784197001252e-16,1.1102230246251565e-16,0.0,0.0,0.0,5.70983
3.552713678800501e-15,0.0,-0.8002216987710565,0.0,0.0,0.0,0.0,0.0,-1.1102230246251565e-16,1.3877787807814457e-17,1.7763568394002505e-15,1.1102230246251565e-16,0.0,-5.551115123125783e-17,-1.7763568394002505e-15,8.881784197001252e-16,1.1102230246251565e-16,0.0,0.0,0.0,5.70983
3.552713678800501e-15,0.0,-0.78969246589249,0.0,0.0,0.0,0.0,0.0,-1.1102230246251565e-16,1.3877787807814457e-17,1.7763568394002505e-15,1.1102230246251565e-16,0.0,-5.551115123125783e-17,-1.7763568394002505e-15,8.881784197001252e-16,1.1102230246251565e-16,0.0,0.0,0.0,5.70983
3.552713678800501e-15,0.0,-0.7791632330139235,0.0,0.0,0.0,0.0,0.0,-1.1102230246251565e-16,1.3877787807814457e-17,1.7763568394002505e-15,1.1102230246251565e-16,0.0,-5.551115123125783e-17,-1.7763568394002505e-15,8.881784197001252e-16,1.1102230246251565e-16,0.0,0.0,0.0,5.70983
3.552713678800501e-15,0.0,-0.768634000135357,0.0,0.0,0.0,0.0,0.0,-1.1102230246251565e-16,1.3877787807814457e-17,1.7763568394002505e-15,1.1102230246251565e-16,0.0,-5.551115123125783e-17,-1.7763568394002505e-15,8.881784197001252e-16,1.1102230246251565e-16,0.0,0.0,0.0,5.70983
3.552713678800501e-15,0.0,-0.7581047672567904,0.0,0.0,0.0,0.0,0.0,-1.1102230246251565e-16,1.3877787807814457e-17,1.7763568394002505e-15,1.1102230246251565e-16,0.0,-5.551115123125783e-17,-1.7763568394002505e-15,8.881784197001252e-16,1.1102230246251565e-16,0.0,0.0,0.0,5.70983
3.552713678800501e-15,0.0,-0.7475755343782239,0.0,0.0,0.0,0.0,0.0,-1.1102230246251565e-16,1.3877787807814457e-17,1.7763568394002505e-15,1.1102230246251565e-16,0.0,-5.551115123125783e-17,-1.7763568394002505e-15,8.881784197001252e-16,1.1102230246251565e-16,0.0,0.0,0.0,5.70983
3.552713678800501e-15,0.0,-0.7370463014996573,0.0,0.0,0.0,0.0,0.0,-1.1102230246251565e-16,1.3877787807814457e-17,1.7763568394002505e-15,1.1102230246251565e-16,0.0,-5.551115123125783e-17,-1.7763568394002505e-15,8.881784197001252e-16,1.1102230246251565e-16,0.0,0.0,0.0,5.70983
3.552713678800501e-15,0.0,-0.7265170686210908,0.0,0.0,0.0,0.0,0.0,-1.1102230246251565e-16,1.3877787807814457e-17,1.7763568394002505e-15,1.1102230246251565e-16,0.0,-5.551115123125783e-17,-1.7763568394002505e-15,8.881784197001252e-16,1.1102230246251565e-16,0.0,0.0,0.0,5.7079945
3.552713678800501e-15,0.0,-0.7159878357425243,0.0,0.0,0.0,0.0,0.0,-1.1102230246251565e-16,1.3877787807814457e-17,1.7763568394002505e-15,1.1102230246251565e-16,0.0,-5.551115123125783e-17,-1.7763568394002505e-15,8.881784197001252e-16,1.1102230246251565e-16,0.0,0.0,0.0,5.7079945
3.552713678800501e-15,0.0,-0.7054586028639578,0.0,0.0,0.0,0.0,0.0,-1.1102230246251565e-16,1.3877787807814457e-17,1.7763568394002505e-15,1.1102230246251565e-16,0.0,-5.551115123125783e-17,-1.7763568394002505e-15,8.881784197001252e-16,1.1102230246251565e-16,0.0,0.0,0.0,5.7079945
3.552713678800501e-15,0.0,-0.6949293699853912,0.0,0.0,0.0,0.0,0.0,-1.1102230246251565e-16,1.3877787807814457e-17,1.7763568394002505e-15,1.1102230246251565e-16,0.0,-5.551115123125783e-17,-1.7763568394002505e-15,8.881784197001252e-16,1.1102230246251565e-16,0.0,0.0,0.0,5.7079945
3.552713678800501e-15,0.0,-0.6844001371068247,0.0,0.0,0.0,0.0,0.0,-1.1102230246251565e-16,1.3877787807814457e-17,1.7763568394002505e-15,1.1102230246251565e-16,0.0,-5.551115123125783e-17,-1.7763568394002505e-15,8.881784197001252e-16,1.1102230246251565e-16,0.0,0.0,0.0,5.7079945
3.552713678800501e-15,0.0,-0.6738709042282581,0.0,0.0,0.0,0.0,0.0,-1.1102230246251565e-16,1.3877787807814457e-17,1.7763568394002505e-15,1.1102230246251565e-16,0.0,-5.551115123125783e-17,-1.7763568394002505e-15,8.881784197001252e-16,1.1102230246251565e-16,0.0,0.0,0.0,5.7243524
3.552713678800501e-15,0.0,-0.6633416713496917,0.0,0.0,0.0,0.0,0.0,-1.1102230246251565e-16,1.3877787807814457e-17,1.7763568394002505e-15,1.1102230246251565e-16,0.0,-5.551115123125783e-17,-1.7763568394002505e-15,8.881784197001252e-16,1.1102230246251565e-16,0.0,0.0,0.0,5.7243524
3.552713678800501e-15,0.0,-0.6528124384711251,0.0,0.0,0.0,0.0,0.0,-1.1102230246251565e-16,1.3877787807814457e-17,1.7763568394002505e-15,1.1102230246251565e-16,0.0,-5.551115123125783e-17,-1.7763568394002505e-15,8.881784197001252e-16,1.1102230246251565e-16,0.0,0.0,0.0,5.726378
3.552713678800501e-15,0.0,-0.6422832055925585,0.0,0.0,0.0,0.0,0.0,-1.1102230246251565e-16,1.3877787807814457e-17,1.7763568394002505e-15,1.1102230246251565e-16,0.0,-5.551115123125783e-17,-1.7763568394002505e-15,8.881784197001252e-16,1.1102230246251565e-16,0.0,0.0,0.0,5.721761
3.552713678800501e-15,0.0,-0.631753972713992,0.0,0.0,0.0,0.0,0.0,-1.1102230246251565e-16,1.3877787807814457e-17,1.7763568394002505e-15,1.1102230246251565e-16,0.0,-5.551115123125783e-17,-1.7763568394002505e-15,8.881784197001252e-16,1.1102230246251565e-16,0.0,0.0,0.0,5.693497
3.552713678800501e-15,0.0,-0.6212247398354255,0.0,0.0,0.0,0.0,0.0,-1.1102230246251565e-16,1.3877787807814457e-17,1.7763568394002505e-15,1.1102230246251565e-16,0.0,-5.551115123125783e-17,-1.7763568394002505e-15,8.881784197001252e-16,1.1102230246251565e-16,0.0,0.0,0.0,5.692842
3.552713678800501e-15,0.0,-0.610695506956859,0.0,0.0,0.0,0.0,0.0,-1.1102230246251565e-16,1.3877787807814457e-17,1.7763568394002505e-15,1.1102230246251565e-16,0.0,-5.551115123125783e-17,-1.7763568394002505e-15,8.881784197001252e-16,1.1102230246251565e-16,0.0,0.0,0.0,5.6961217
3.552713678800501e-15,0.0,-0.6001662740782925,0.0,0.0,0.0,0.0,0.0,-1.1102230246251565e-16,1.3877787807814457e-17,1.7763568394002505e-15,1.1102230246251565e-16,0.0,-5.551115123125783e-17,-1.7763568394002505e-15,8.881784197001252e-16,1.1102230246251565e-16,0.0,0.0,0.0,5.638698
3.552713678800501e-15,0.0,-0.5896370411997258,0.0,0.0,0.0,0.0,0.0,-1.1102230246251565e-16,1.3877787807814457e-17,1.7763568394002505e-15,1.1102230246251565e-16,0.0,-5.551115123125783e-17,-1.7763568394002505e-15,8.881784197001252e-16,1.1102230246251565e-16,0.0,0.0,0.0,5.6296964
3.552713678800501e-15,0.0,-0.5791078083211594,0.0,0.0,0.0,0.0,0.0,-1.1102230246251565e-16,1.3877787807814457e-17,1.7763568394002505e-15,1.1102230246251565e-16,0.0,-5.551115123125783e-17,-1.7763568394002505e-15,8.881784197001252e-16,1.1102230246251565e-16,0.0,0.0,0.0,5.640812
3.552713678800501e-15,0.0,-0.5685785754425928,0.0,0.0,0.0,0.0,0.0,-1.1102230246251565e-16,1.3877787807814457e-17,1.7763568394002505e-15,1.1102230246251565e-16,0.0,-5.551115123125783e-17,-1.7763568394002505e-15,8.881784197001252e-16,1.1102230246251565e-16,0.0,0.0,0.0,5.640812
3.552713678800501e-15,0.0,-0.5580493425640264,0.0,0.0,0.0,0.0,0.0,-1.1102230246251565e-16,1.3877787807814457e-17,1.7763568394002505e-15,1.1102230246251565e-16,0.0,-5.551115123125783e-17,-1.7763568394002505e-15,8.881784197001252e-16,1.1102230246251565e-16,0.0,0.0,0.0,5.640812
3.552713678800501e-15,0.0,-0.5475201096854598,0.0,0.0,0.0,0.0,0.0,-1.1102230246251565e-16,1.3877787807814457e-17,1.7763568394002505e-15,1.1102230246251565e-16,0.0,-5.551115123125783e-17,-1.7763568394002505e-15,8.881784197001252e-16,1.1102230246251565e-16,0.0,0.0,0.0,5.6412015
3.552713678800501e-15,0.0,-0.5369908768068932,0.0,0.0,0.0,0.0,0.0,-1.1102230246251565e-16,1.3877787807814457e-17,1.7763568394002505e-15,1.1102230246251565e-16,0.0,-5.551115123125783e-17,-1.7763568394002505e-15,8.881784197001252e-16,1.1102230246251565e-16,0.0,0.0,0.0,5.6412015
3.552713678800501e-15,0.0,-0.5264616439283266,0.0,0.0,0.0,0.0,0.0,-1.1102230246251565e-16,1.3877787807814457e-17,1.7763568394002505e-15,1.1102230246251565e-16,0.0,-5.551115123125783e-17,-1.7763568394002505e-15,8.881784197001252e-16,1.1102230246251565e-16,0.0,0.0,0.0,5.640376
3.552713678800501e-15,0.0,-0.5159324110497602,0.0,0.0,0.0,0.0,0.0,-1.1102230246251565e-16,1.3877787807814457e-17,1.7763568394002505e-15,1.1102230246251565e-16,0.0,-5.551115123125783e-17,-1.7763568394002505e-15,8.881784197001252e-16,1.1102230246251565e-16,0.0,0.0,0.0,5.640376
3.552713678800501e-15,0.0,-0.5054031781711936,0.0,0.0,0.0,0.0,0.0,-1.1102230246251565e-16,1.3877787807814457e-17,1.7763568394002505e-15,1.1102230246251565e-16,0.0,-5.551115123125783e-17,-1.7763568394002505e-15,8.881784197001252e-16,1.1102230246251565e-16,0.0,0.0,0.0,5.640376
3.552713678800501e-15,0.0,-0.4948739452926272,0.0,0.0,0.0,0.0,0.0,-1.1102230246251565e-16,1.3877787807814457e-17,1.7763568394002505e-15,1.1102230246251565e-16,0.0,-5.551115123125783e-17,-1.7763568394002505e-15,8.881784197001252e-16,1.1102230246251565e-16,0.0,0.0,0.0,5.640376
3.552713678800501e-15,0.0,-0.48434471241406046,0.0,0.0,0.0,0.0,0.0,-1.1102230246251565e-16,1.3877787807814457e-17,1.7763568394002505e-15,1.1102230246251565e-16,0.0,-5.551115123125783e-17,-1.7763568394002505e-15,8.881784197001252e-16,1.1102230246251565e-16,0.0,0.0,0.0,5.6400065
3.552713678800501e-15,0.0,-0.473815479535494,0.0,0.0,0.0,0.0,0.0,-1.1102230246251565e-16,1.3877787807814457e-17,1.7763568394002505e-15,1.1102230246251565e-16,0.0,-5.551115123125783e-17,-1.7763568394002505e-15,8.881784197001252e-16,1.1102230246251565e-16,0.0,0.0,0.0,5.6398287
3.552713678800501e-15,0.0,-0.4632862466569275,0.0,0.0,0.0,0.0,0.0,-1.1102230246251565e-16,1.3877787807814457e-17,1.7763568394002505e-15,1.1102230246251565e-16,0.0,-5.551115123125783e-17,-1.7763568394002505e-15,8.881784197001252e-16,1.1102230246251565e-16,0.0,0.0,0.0,5.6458364
3.552713678800501e-15,0.0,-0.45275701377836103,0.0,0.0,0.0,0.0,0.0,-1.1102230246251565e-16,1.3877787807814457e-17,1.7763568394002505e-15,1.1102230246251565e-16,0.0,-5.551115123125783e-17,-1.7763568394002505e-15,8.881784197001252e-16,1.1102230246251565e-16,0.0,0.0,0.0,5.6221547
3.552713678800501e-15,0.0,-0.44222778089979453,0.0,0.0,0.0,0.0,0.0,-1.1102230246251565e-16,1.3877787807814457e-17,1.7763568394002505e-15,1.1102230246251565e-16,0.0,-5.551115123125783e-17,-1.7763568394002505e-15,8.881784197001252e-16,1.1102230246251565e-16,0.0,0.0,0.0,5.6221547
3.552713678800501e-15,0.0,-0.4316985480212278,0.0,0.0,0.0,0.0,0.0,-1.1102230246251565e-16,1.3877787807814457e-17,1.7763568394002505e-15,1.1102230246251565e-16,0.0,-5.551115123125783e-17,-1.7763568394002505e-15,8.881784197001252e-16,1.1102230246251565e-16,0.0,0.0,0.0,5.6221547
3.552713678800501e-15,0.0,-0.4211693151426613,0.0,0.0,0.0,0.0,0.0,-1.1102230246251565e-16,1.3877787807814457e-17,1.7763568394002505e-15,1.1102230246251565e-16,0.0,-5.551115123125783e-17,-1.7763568394002505e-15,8.881784197001252e-16,1.1102230246251565e-16,0.0,0.0,0.0,5.6221547
3.552713678800501e-15,0.0,-0.4106400822640948,0.0,0.0,0.0,0.0,0.0,-1.1102230246251565e-16,1.3877787807814457e-17,1.7763568394002505e-15,1.1102230246251565e-16,0.0,-5.551115123125783e-17,-1.7763568394002505e-15,8.881784197001252e-16,1.1102230246251565e-16,0.0,0.0,0.0,5.6221547
3.552713678800501e-15,0.0,-0.4001108493855283,0.0,0.0,0.0,0.0,0.0,-1.1102230246251565e-16,1.3877787807814457e-17,1.7763568394002505e-15,1.1102230246251565e-16,0.0,-5.551115123125783e-17,-1.7763568394002505e-15,8.881784197001252e-16,1.1102230246251565e-16,0.0,0.0,0.0,5.6321
3.552713678800501e-15,0.0,-0.3895816165069618,0.0,0.0,0.0,0.0,0.0,-1.1102230246251565e-16,1.3877787807814457e-17,1.7763568394002505e-15,1.1102230246251565e-16,0.0,-5.551115123125783e-17,-1.7763568394002505e-15,8.881784197001252e-16,1.1102230246251565e-16,0.0,0.0,0.0,5.6494784
3.552713678800501e-15,0.0,-0.37905238362839516,0.0,0.0,0.0,0.0,0.0,-1.1102230246251565e-16,1.3877787807814457e-17,1.7763568394002505e-15,1.1102230246251565e-16,0.0,-5.551115123125783e-17,-1.7763568394002505e-15,8.881784197001252e-16,1.1102230246251565e-16,0.0,0.0,0.0,5.6494784
3.552713678800501e-15,0.0,-0.36852315074982867,0.0,0.0,0.0,0.0,0.0,-1.1102230246251565e-16,1.3877787807814457e-17,1.7763568394002505e-15,1.1102230246251565e-16,0.0,-5.551115123125783e-17,-1.7763568394002505e-15,8.881784197001252e-16,1.1102230246251565e-16,0.0,0.0,0.0,5.6494784
3.552713678800501e-15,0.0,-0.35799391787126217,0.0,0.0,0.0,0.0,0.0,-1.1102230246251565e-16,1.3877787807814457e-17,1.7763568394002505e-15,1.1102230246251565e-16,0.0,-5.551115123125783e-17,-1.7763568394002505e-15,8.881784197001252e-16,1.1102230246251565e-16,0.0,0.0,0.0,5.650396
3.552713678800501e-15,0.0,-0.34746468499269567,0.0,0.0,0.0,0.0,0.0,-1.1102230246251565e-16,1.3877787807814457e-17,1.7763568394002505e-15,1.1102230246251565e-16,0.0,-5.551115123125783e-17,-1.7763568394002505e-15,8.881784197001252e-16,1.1102230246251565e-16,0.0,0.0,0.0,5.650396
3.552713678800501e-15,0.0,-0.3369354521141292,0.0,0.0,0.0,0.0,0.0,-1.1102230246251565e-16,1.3877787807814457e-17,1.7763568394002505e-15,1.1102230246251565e-16,0.0,-5.551115123125783e-17,-1.7763568394002505e-15,8.881784197001252e-16,1.1102230246251565e-16,0.0,0.0,0.0,5.6546946
3.552713678800501e-15,0.0,-0.3264062192355625,0.0,0.0,0.0,0.0,0.0,-1.1102230246251565e-16,1.3877787807814457e-17,1.7763568394002505e-15,1.1102230246251565e-16,0.0,-5.551115123125783e-17,-1.7763568394002505e-15,8.881784197001252e-16,1.1102230246251565e-16,0.0,0.0,0.0,5.6546946
3.552713678800501e-15,0.0,-0.315876986356996,0.0,0.0,0.0,0.0,0.0,-1.1102230246251565e-16,1.3877787807814457e-17,1.7763568394002505e-15,1.1102230246251565e-16,0.0,-5.551115123125783e-17,-1.7763568394002505e-15,8.881784197001252e-16,1.1102230246251565e-16,0.0,0.0,0.0,5.6884
3.552713678800501e-15,0.0,-0.3053477534784295,0.0,0.0,0.0,0.0,0.0,-1.1102230246251565e-16,1.3877787807814457e-17,1.7763568394002505e-15,1.1102230246251565e-16,0.0,-5.551115123125783e-17,-1.7763568394002505e-15,8.881784197001252e-16,1.1102230246251565e-16,0.0,0.0,0.0,5.693075
3.552713678800501e-15,0.0,-0.294818520599863,0.0,0.0,0.0,0.0,0.0,-1.1102230246251565e-16,1.3877787807814457e-17,1.7763568394002505e-15,1.1102230246251565e-16,0.0,-5.551115123125783e-17,-1.7763568394002505e-15,8.881784197001252e-16,1.1102230246251565e-16,0.0,0.0,0.0,5.7128673
3.552713678800501e-15,0.0,-0.2842892877212965,0.0,0.0,0.0,0.0,0.0,-1.1102230246251565e-16,1.3877787807814457e-17,1.7763568394002505e-15,1.1102230246251565e-16,0.0,-5.551115123125783e-17,-1.7763568394002505e-15,8.881784197001252e-16,1.1102230246251565e-16,0.0,0.0,0.0,5.585034
3.552713678800501e-15,0.0,-0.2737600548427298,0.0,0.0,0.0,0.0,0.0,-1.1102230246251565e-16,1.3877787807814457e-17,1.7763568394002505e-15,1.1102230246251565e-16,0.0,-5.551115123125783e-17,-1.7763568394002505e-15,8.881784197001252e-16,1.1102230246251565e-16,0.0,0.0,0.0,5.585034
3.552713678800501e-15,0.0,-0.2632308219641633,0.0,0.0,0.0,0.0,0.0,-1.1102230246251565e-16,1.3877787807814457e-17,1.7763568394002505e-15,1.1102230246251565e-16,0.0,-5.551115123125783e-17,-1.7763568394002505e-15,8.881784197001252e-16,1.1102230246251565e-16,0.0,0.0,0.0,5.585034
3.552713678800501e-15,0.0,-0.2527015890855968,0.0,0.0,0.0,0.0,0.0,-1.1102230246251565e-16,1.3877787807814457e-17,1.7763568394002505e-15,1.1102230246251565e-16,0.0,-5.551115123125783e-17,-1.7763568394002505e-15,8.881784197001252e-16,1.1102230246251565e-16,0.0,0.0,0.0,5.585034
3.552713678800501e-15,0.0,-0.24217235620703034,0.0,0.0,0.0,0.0,0.0,-1.1102230246251565e-16,1.3877787807814457e-17,1.7763568394002505e-15,1.1102230246251565e-16,0.0,-5.551115123125783e-17,-1.7763568394002505e-15,8.881784197001252e-16,1.1102230246251565e-16,0.0,0.0,0.0,5.585034
3.552713678800501e-15,0.0,-0.23164312332846385,0.0,0.0,0.0,0.0,0.0,-1.1102230246251565e-16,1.3877787807814457e-17,1.7763568394002505e-15,1.1102230246251565e-16,0.0,-5.551115123125783e-17,-1.7763568394002505e-15,8.881784197001252e-16,1.1102230246251565e-16,0.0,0.0,0.0,5.6222835
3.552713678800501e-15,0.0,-0.22111389044989715,0.0,0.0,0.0,0.0,0.0,-1.1102230246251565e-16,1.3877787807814457e-17,1.7763568394002505e-15,1.1102230246251565e-16,0.0,-5.551115123125783e-17,-1.7763568394002505e-15,8.881784197001252e-16,1.1102230246251565e-16,0.0,0.0,0.0,5.619631
3.552713678800501e-15,0.0,-0.21058465757133066,0.0,0.0,0.0,0.0,0.0,-1.1102230246251565e-16,1.3877787807814457e-17,1.7763568394002505e-15,1.1102230246251565e-16,0.0,-5.551115123125783e-17,-1.7763568394002505e-15,8.881784197001252e-16,1.1102230246251565e-16,0.0,0.0,0.0,5.619631
3.552713678800501e-15,0.0,-0.20005542469276416,0.0,0.0,0.0,0.0,0.0,-1.1102230246251565e-16,1.3877787807814457e-17,1.7763568394002505e-15,1.1102230246251565e-16,0.0,-5.551115123125783e-17,-1.7763568394002505e-15,8.881784197001252e-16,1.1102230246251565e-16,0.0,0.0,0.0,5.6165805
3.552713678800501e-15,0.0,-0.18952619181419766,0.0,0.0,0.0,0.0,0.0,-1.1102230246251565e-16,1.3877787807814457e-17,1.7763568394002505e-15,1.1102230246251565e-16,0.0,-5.551115123125783e-17,-1.7763568394002505e-15,8.881784197001252e-16,1.1102230246251565e-16,0.0,0.0,0.0,5.6165805
3.552713678800501e-15,0.0,-0.17899695893563117,0.0,0.0,0.0,0.0,0.0,-1.1102230246251565e-16,1.3877787807814457e-17,1.7763568394002505e-15,1.1102230246251565e-16,0.0,-5.551115123125783e-17,-1.7763568394002505e-15,8.881784197001252e-16,1.1102230246251565e-16,0.0,0.0,0.0,5.622655
3.552713678800501e-15,0.0,-0.1684677260570645,0.0,0.0,0.0,0.0,0.0,-1.1102230246251565e-16,1.3877787807814457e-17,1.7763568394002505e-15,1.1102230246251565e-16,0.0,-5.551115123125783e-17,-1.7763568394002505e-15,8.881784197001252e-16,1.1102230246251565e-16,0.0,0.0,0.0,5.606584
3.552713678800501e-15,0.0,-0.157938493178498,0.0,0.0,0.0,0.0,0.0,-1.1102230246251565e-16,1.3877787807814457e-17,1.7763568394002505e-15,1.1102230246251565e-16,0.0,-5.551115123125783e-17,-1.7763568394002505e-15,8.881784197001252e-16,1.1102230246251565e-16,0.0,0.0,0.0,5.6223307
3.552713678800501e-15,0.0,-0.1474092602999315,0.0,0.0,0.0,0.0,0.0,-1.1102230246251565e-16,1.3877787807814457e-17,1.7763568394002505e-15,1.1102230246251565e-16,0.0,-5.551115123125783e-17,-1.7763568394002505e-15,8.881784197001252e-16,1.1102230246251565e-16,0.0,0.0,0.0,5.6248097
3.552713678800501e-15,0.0,-0.136880027421365,0.0,0.0,0.0,0.0,0.0,-1.1102230246251565e-16,1.3877787807814457e-17,1.7763568394002505e-15,1.1102230246251565e-16,0.0,-5.551115123125783e-17,-1.7763568394002505e-15,8.881784197001252e-16,1.1102230246251565e-16,0.0,0.0,0.0,5.6257024
3.552713678800501e-15,0.0,-0.12635079454279852,0.0,0.0,0.0,0.0,0.0,-1.1102230246251565e-16,1.3877787807814457e-17,1.7763568394002505e-15,1.1102230246251565e-16,0.0,-5.551115123125783e-17,-1.7763568394002505e-15,8.881784197001252e-16,1.1102230246251565e-16,0.0,0.0,0.0,5.6384435
3.552713678800501e-15,0.0,-0.11582156166423183,0.0,0.0,0.0,0.0,0.0,-1.1102230246251565e-16,1.3877787807814457e-17,1.7763568394002505e-15,1.1102230246251565e-16,0.0,-5.551115123125783e-17,-1.7763568394002505e-15,8.881784197001252e-16,1.1102230246251565e-16,0.0,0.0,0.0,5.694808
3.552713678800501e-15,0.0,-0.10529232878566533,0.0,0.0,0.0,0.0,0.0,-1.1102230246251565e-16,1.3877787807814457e-17,1.7763568394002505e-15,1.1102230246251565e-16,0.0,-5.551115123125783e-17,-1.7763568394002505e-15,8.881784197001252e-16,1.1102230246251565e-16,0.0,0.0,0.0,5.7734647
3.552713678800501e-15,0.0,-0.09476309590709883,0.0,0.0,0.0,0.0,0.0,-1.1102230246251565e-16,1.3877787807814457e-17,1.7763568394002505e-15,1.1102230246251565e-16,0.0,-5.551115123125783e-17,-1.7763568394002505e-15,8.881784197001252e-16,1.1102230246251565e-16,0.0,0.0,0.0,5.774678
3.552713678800501e-15,0.0,-0.08423386302853234,0.0,0.0,0.0,0.0,0.0,-1.1102230246251565e-16,1.3877787807814457e-17,1.7763568394002505e-15,1.1102230246251565e-16,0.0,-5.551115123125783e-17,-1.7763568394002505e-15,8.881784197001252e-16,1.1102230246251565e-16,0.0,0.0,0.0,5.771361
3.552713678800501e-15,0.0,-0.07370463014996584,0.0,0.0,0.0,0.0,0.0,-1.1102230246251565e-16,1.3877787807814457e-17,1.7763568394002505e-15,1.1102230246251565e-16,0.0,-5.551115123125783e-17,-1.7763568394002505e-15,8.881784197001252e-16,1.1102230246251565e-16,0.0,0.0,0.0,5.771361
3.552713678800501e-15,0.0,-0.06317539727139916,0.0,0.0,0.0,0.0,0.0,-1.1102230246251565e-16,1.3877787807814457e-17,1.7763568394002505e-15,1.1102230246251565e-16,0.0,-5.551115123125783e-17,-1.7763568394002505e-15,8.881784197001252e-16,1.1102230246251565e-16,0.0,0.0,0.0,5.771361
3.552713678800501e-15,0.0,-0.052646164392832664,0.0,0.0,0.0,0.0,0.0,-1.1102230246251565e-16,1.3877787807814457e-17,1.7763568394002505e-15,1.1102230246251565e-16,0.0,-5.551115123125783e-17,-1.7763568394002505e-15,8.881784197001252e-16,1.1102230246251565e-16,0.0,0.0,0.0,5.771361
3.552713678800501e-15,0.0,-0.04211693151426617,0.0,0.0,0.0,0.0,0.0,-1.1102230246251565e-16,1.3877787807814457e-17,1.7763568394002505e-15,1.1102230246251565e-16,0.0,-5.551115123125783e-17,-1.7763568394002505e-15,8.881784197001252e-16,1.1102230246251565e-16,0.0,0.0,0.0,5.771361
3.552713678800501e-15,0.0,-0.03158769863569968,0.0,0.0,0.0,0.0,0.0,-1.1102230246251565e-16,1.3877787807814457e-17,1.7763568394002505e-15,1.1102230246251565e-16,0.0,-5.551115123125783e-17,-1.7763568394002505e-15,8.881784197001252e-16,1.1102230246251565e-16,0.0,0.0,0.0,5.771361
3.552713678800501e-15,0.0,-0.021058465757133178,0.0,0.0,0.0,0.0,0.0,-1.1102230246251565e-16,1.3877787807814457e-17,1.7763568394002505e-15,1.1102230246251565e-16,0.0,-5.551115123125783e-17,-1.7763568394002505e-15,8.881784197001252e-16,1.1102230246251565e-16,0.0,0.0,0.0,5.771361
3.552713678800501e-15,0.0,-0.010529232878566495,0.0,0.0,0.0,0.0,0.0,-1.1102230246251565e-16,1.3877787807814457e-17,1.7763568394002505e-15,1.1102230246251565e-16,0.0,-5.551115123125783e-17,-1.7763568394002505e-15,8.881784197001252e-16,1.1102230246251565e-16,0.0,0.0,0.0,5.7687497
3.552713678800501e-15,0.0,0.0,0.0,0.0,0.0,0.0,0.0,-1.1102230246251565e-16,1.3877787807814457e-17,1.7763568394002505e-15,1.1102230246251565e-16,0.0,-5.551115123125783e-17,-1.7763568394002505e-15,8.881784197001252e-16,1.1102230246251565e-16,0.0,0.0,0.0,5.7687497
3.552713678800501e-15,0.0,0.010529232878566495,0.0,0.0,0.0,0.0,0.0,-1.1102230246251565e-16,1.3877787807814457e-17,1.7763568394002505e-15,1.1102230246251565e-16,0.0,-5.551115123125783e-17,-1.7763568394002505e-15,8.881784197001252e-16,1.1102230246251565e-16,0.0,0.0,0.0,5.7687497
3.552713678800501e-15,0.0,0.02105846575713299,0.0,0.0,0.0,0.0,0.0,-1.1102230246251565e-16,1.3877787807814457e-17,1.7763568394002505e-15,1.1102230246251565e-16,0.0,-5.551115123125783e-17,-1.7763568394002505e-15,8.881784197001252e-16,1.1102230246251565e-16,0.0,0.0,0.0,5.7687497
3.552713678800501e-15,0.0,0.03158769863569949,0.0,0.0,0.0,0.0,0.0,-1.1102230246251565e-16,1.3877787807814457e-17,1.7763568394002505e-15,1.1102230246251565e-16,0.0,-5.551115123125783e-17,-1.7763568394002505e-15,8.881784197001252e-16,1.1102230246251565e-16,0.0,0.0,0.0,5.7687497
3.552713678800501e-15,0.0,0.04211693151426617,0.0,0.0,0.0,0.0,0.0,-1.1102230246251565e-16,1.3877787807814457e-17,1.7763568394002505e-15,1.1102230246251565e-16,0.0,-5.551115123125783e-17,-1.7763568394002505e-15,8.881784197001252e-16,1.1102230246251565e-16,0.0,0.0,0.0,5.771079
3.552713678800501e-15,0.0,0.052646164392832664,0.0,0.0,0.0,0.0,0.0,-1.1102230246251565e-16,1.3877787807814457e-17,1.7763568394002505e-15,1.1102230246251565e-16,0.0,-5.551115123125783e-17,-1.7763568394002505e-15,8.881784197001252e-16,1.1102230246251565e-16,0.0,0.0,0.0,5.771079
3.552713678800501e-15,0.0,0.06317539727139916,0.0,0.0,0.0,0.0,0.0,-1.1102230246251565e-16,1.3877787807814457e-17,1.7763568394002505e-15,1.1102230246251565e-16,0.0,-5.551115123125783e-17,-1.7763568394002505e-15,8.881784197001252e-16,1.1102230246251565e-16,0.0,0.0,0.0,5.772065
3.552713678800501e-15,0.0,0.07370463014996566,0.0,0.0,0.0,0.0,0.0,-1.1102230246251565e-16,1.3877787807814457e-17,1.7763568394002505e-15,1.1102230246251565e-16,0.0,-5.551115123125783e-17,-1.7763568394002505e-15,8.881784197001252e-16,1.1102230246251565e-16,0.0,0.0,0.0,5.777923
3.552713678800501e-15,0.0,0.08423386302853215,0.0,0.0,0.0,0.0,0.0,-1.1102230246251565e-16,1.3877787807814457e-17,1.7763568394002505e-15,1.1102230246251565e-16,0.0,-5.551115123125783e-17,-1.7763568394002505e-15,8.881784197001252e-16,1.1102230246251565e-16,0.0,0.0,0.0,5.777923
3.552713678800501e-15,0.0,0.09476309590709883,0.0,0.0,0.0,0.0,0.0,-1.1102230246251565e-16,1.3877787807814457e-17,1.7763568394002505e-15,1.1102230246251565e-16,0.0,-5.551115123125783e-17,-1.7763568394002505e-15,8.881784197001252e-16,1.1102230246251565e-16,0.0,0.0,0.0,5.777923
3.552713678800501e-15,0.0,0.10529232878566533,0.0,0.0,0.0,0.0,0.0,-1.1102230246251565e-16,1.3877787807814457e-17,1.7763568394002505e-15,1.1102230246251565e-16,0.0,-5.551115123125783e-17,-1.7763568394002505e-15,8.881784197001252e-16,1.1102230246251565e-16,0.0,0.0,0.0,5.777923
3.552713678800501e-15,0.0,0.11582156166423183,0.0,0.0,0.0,0.0,0.0,-1.1102230246251565e-16,1.3877787807814457e-17,1.7763568394002505e-15,1.1102230246251565e-16,0.0,-5.551115123125783e-17,-1.7763568394002505e-15,8.881784197001252e-16,1.1102230246251565e-16,0.0,0.0,0.0,5.777923
3.552713678800501e-15,0.0,0.12635079454279832,0.0,0.0,0.0,0.0,0.0,-1.1102230246251565e-16,1.3877787807814457e-17,1.7763568394002505e-15,1.1102230246251565e-16,0.0,-5.551115123125783e-17,-1.7763568394002505e-15,8.881784197001252e-16,1.1102230246251565e-16,0.0,0.0,0.0,5.774627
3.552713678800501e-15,0.0,0.13688002742136482,0.0,0.0,0.0,0.0,0.0,-1.1102230246251565e-16,1.3877787807814457e-17,1.7763568394002505e-15,1.1102230246251565e-16,0.0,-5.551115123125783e-17,-1.7763568394002505e-15,8.881784197001252e-16,1.1102230246251565e-16,0.0,0.0,0.0,5.774627
3.552713678800501e-15,0.0,0.1474092602999315,0.0,0.0,0.0,0.0,0.0,-1.1102230246251565e-16,1.3877787807814457e-17,1.7763568394002505e-15,1.1102230246251565e-16,0.0,-5.551115123125783e-17,-1.7763568394002505e-15,8.881784197001252e-16,1.1102230246251565e-16,0.0,0.0,0.0,5.7726912
3.552713678800501e-15,0.0,0.157938493178498,0.0,0.0,0.0,0.0,0.0,-1.1102230246251565e-16,1.3877787807814457e-17,1.7763568394002505e-15,1.1102230246251565e-16,0.0,-5.551115123125783e-17,-1.7763568394002505e-15,8.881784197001252e-16,1.1102230246251565e-16,0.0,0.0,0.0,5.7726912
3.552713678800501e-15,0.0,0.1684677260570645,0.0,0.0,0.0,0.0,0.0,-1.1102230246251565e-16,1.3877787807814457e-17,1.7763568394002505e-15,1.1102230246251565e-16,0.0,-5.551115123125783e-17,-1.7763568394002505e-15,8.881784197001252e-16,1.1102230246251565e-16,0.0,0.0,0.0,5.7669444
3.552713678800501e-15,0.0,0.17899695893563117,0.0,0.0,0.0,0.0,0.0,-1.1102230246251565e-16,1.3877787807814457e-17,1.7763568394002505e-15,1.1102230246251565e-16,0.0,-5.551115123125783e-17,-1.7763568394002505e-15,8.881784197001252e-16,1.1102230246251565e-16,0.0,0.0,0.0,5.7669444
3.552713678800501e-15,0.0,0.1895261918141975,0.0,0.0,0.0,0.0,0.0,-1.1102230246251565e-16,1.3877787807814457e-17,1.7763568394002505e-15,1.1102230246251565e-16,0.0,-5.551115123125783e-17,-1.7763568394002505e-15,8.881784197001252e-16,1.1102230246251565e-16,0.0,0.0,0.0,5.7669444
3.552713678800501e-15,0.0,0.20005542469276416,0.0,0.0,0.0,0.0,0.0,-1.1102230246251565e-16,1.3877787807814457e-17,1.7763568394002505e-15,1.1102230246251565e-16,0.0,-5.551115123125783e-17,-1.7763568394002505e-15,8.881784197001252e-16,1.1102230246251565e-16,0.0,0.0,0.0,5.7646136
3.552713678800501e-15,0.0,0.21058465757133046,0.0,0.0,0.0,0.0,0.0,-1.1102230246251565e-16,1.3877787807814457e-17,1.7763568394002505e-15,1.1102230246251565e-16,0.0,-5.551115123125783e-17,-1.7763568394002505e-15,8.881784197001252e-16,1.1102230246251565e-16,0.0,0.0,0.0,5.757742
3.552713678800501e-15,0.0,0.22111389044989715,0.0,0.0,0.0,0.0,0.0,-1.1102230246251565e-16,1.3877787807814457e-17,1.7763568394002505e-15,1.1102230246251565e-16,0.0,-5.551115123125783e-17,-1.7763568394002505e-15,8.881784197001252e-16,1.1102230246251565e-16,0.0,0.0,0.0,5.757742
3.552713678800501e-15,0.0,0.23164312332846385,0.0,0.0,0.0,0.0,0.0,-1.1102230246251565e-16,1.3877787807814457e-17,1.7763568394002505e-15,1.1102230246251565e-16,0.0,-5.551115123125783e-17,-1.7763568394002505e-15,8.881784197001252e-16,1.1102230246251565e-16,0.0,0.0,0.0,5.757742
3.552713678800501e-15,0.0,0.24217235620703015,0.0,0.0,0.0,0.0,0.0,-1.1102230246251565e-16,1.3877787807814457e-17,1.7763568394002505e-15,1.1102230246251565e-16,0.0,-5.551115123125783e-17,-1.7763568394002505e-15,8.881784197001252e-16,1.1102230246251565e-16,0.0,0.0,0.0,5.757742
3.552713678800501e-15,0.0,0.2527015890855968,0.0,0.0,0.0,0.0,0.0,-1.1102230246251565e-16,1.3877787807814457e-17,1.7763568394002505e-15,1.1102230246251565e-16,0.0,-5.551115123125783e-17,-1.7763568394002505e-15,8.881784197001252e-16,1.1102230246251565e-16,0.0,0.0,0.0,5.757742
3.552713678800501e-15,0.0,0.26323082196416314,0.0,0.0,0.0,0.0,0.0,-1.1102230246251565e-16,1.3877787807814457e-17,1.7763568394002505e-15,1.1102230246251565e-16,0.0,-5.551115123125783e-17,-1.7763568394002505e-15,8.881784197001252e-16,1.1102230246251565e-16,0.0,0.0,0.0,5.757742
3.552713678800501e-15,0.0,0.2737600548427298,0.0,0.0,0.0,0.0,0.0,-1.1102230246251565e-16,1.3877787807814457e-17,1.7763568394002505e-15,1.1102230246251565e-16,0.0,-5.551115123125783e-17,-1.7763568394002505e-15,8.881784197001252e-16,1.1102230246251565e-16,0.0,0.0,0.0,5.757742
3.552713678800501e-15,0.0,0.2842892877212965,0.0,0.0,0.0,0.0,0.0,-1.1102230246251565e-16,1.3877787807814457e-17,1.7763568394002505e-15,1.1102230246251565e-16,0.0,-5.551115123125783e-17,-1.7763568394002505e-15,8.881784197001252e-16,1.1102230246251565e-16,0.0,0.0,0.0,5.757742
3.552713678800501e-15,0.0,0.2948185205998628,0.0,0.0,0.0,0.0,0.0,-1.1102230246251565e-16,1.3877787807814457e-17,1.7763568394002505e-15,1.1102230246251565e-16,0.0,-5.551115123125783e-17,-1.7763568394002505e-15,8.881784197001252e-16,1.1102230246251565e-16,0.0,0.0,0.0,5.757742
3.552713678800501e-15,0.0,0.3053477534784295,0.0,0.0,0.0,0.0,0.0,-1.1102230246251565e-16,1.3877787807814457e-17,1.7763568394002505e-15,1.1102230246251565e-16,0.0,-5.551115123125783e-17,-1.7763568394002505e-15,8.881784197001252e-16,1.1102230246251565e-16,0.0,0.0,0.0,5.757742
3.552713678800501e-15,0.0,0.3158769863569958,0.0,0.0,0.0,0.0,0.0,-1.1102230246251565e-16,1.3877787807814457e-17,1.7763568394002505e-15,1.1102230246251565e-16,0.0,-5.551115123125783e-17,-1.7763568394002505e-15,8.881784197001252e-16,1.1102230246251565e-16,0.0,0.0,0.0,5.757742
3.552713678800501e-15,0.0,0.3264062192355625,0.0,0.0,0.0,0.0,0.0,-1.1102230246251565e-16,1.3877787807814457e-17,1.7763568394002505e-15,1.1102230246251565e-16,0.0,-5.551115123125783e-17,-1.7763568394002505e-15,8.881784197001252e-16,1.1102230246251565e-16,0.0,0.0,0.0,5.757742
3.552713678800501e-15,0.0,0.3369354521141292,0.0,0.0,0.0,0.0,0.0,-1.1102230246251565e-16,1.3877787807814457e-17,1.7763568394002505e-15,1.1102230246251565e-16,0.0,-5.551115123125783e-17,-1.7763568394002505e-15,8.881784197001252e-16,1.1102230246251565e-16,0.0,0.0,0.0,5.757742
3.552713678800501e-15,0.0,0.3474646849926955,0.0,0.0,0.0,0.0,0.0,-1.1102230246251565e-16,1.3877787807814457e-17,1.7763568394002505e-15,1.1102230246251565e-16,0.0,-5.551115123125783e-17,-1.7763568394002505e-15,8.881784197001252e-16,1.1102230246251565e-16,0.0,0.0,0.0,5.757742
3.552713678800501e-15,0.0,0.35799391787126217,0.0,0.0,0.0,0.0,0.0,-1.1102230246251565e-16,1.3877787807814457e-17,1.7763568394002505e-15,1.1102230246251565e-16,0.0,-5.551115123125783e-17,-1.7763568394002505e-15,8.881784197001252e-16,1.1102230246251565e-16,0.0,0.0,0.0,5.757742
3.552713678800501e-15,0.0,0.3685231507498285,0.0,0.0,0.0,0.0,0.0,-1.1102230246251565e-16,1.3877787807814457e-17,1.7763568394002505e-15,1.1102230246251565e-16,0.0,-5.551115123125783e-17,-1.7763568394002505e-15,8.881784197001252e-16,1.1102230246251565e-16,0.0,0.0,0.0,5.757742
3.552713678800501e-15,0.0,0.37905238362839516,0.0,0.0,0.0,0.0,0.0,-1.1102230246251565e-16,1.3877787807814457e-17,1.7763568394002505e-15,1.1102230246251565e-16,0.0,-5.551115123125783e-17,-1.7763568394002505e-15,8.881784197001252e-16,1.1102230246251565e-16,0.0,0.0,0.0,5.757742
3.552713678800501e-15,0.0,0.3895816165069618,0.0,0.0,0.0,0.0,0.0,-1.1102230246251565e-16,1.3877787807814457e-17,1.7763568394002505e-15,1.1102230246251565e-16,0.0,-5.551115123125783e-17,-1.7763568394002505e-15,8.881784197001252e-16,1.1102230246251565e-16,0.0,0.0,0.0,5.757742
3.552713678800501e-15,0.0,0.40011084938552816,0.0,0.0,0.0,0.0,0.0,-1.1102230246251565e-16,1.3877787807814457e-17,1.7763568394002505e-15,1.1102230246251565e-16,0.0,-5.551115123125783e-17,-1.7763568394002505e-15,8.881784197001252e-16,1.1102230246251565e-16,0.0,0.0,0.0,5.757742
3.552713678800501e-15,0.0,0.4106400822640948,0.0,0.0,0.0,0.0,0.0,-1.1102230246251565e-16,1.3877787807814457e-17,1.7763568394002505e-15,1.1102230246251565e-16,0.0,-5.551115123125783e-17,-1.7763568394002505e-15,8.881784197001252e-16,1.1102230246251565e-16,0.0,0.0,0.0,5.757742
3.552713678800501e-15,0.0,0.42116931514266115,0.0,0.0,0.0,0.0,0.0,-1.1102230246251565e-16,1.3877787807814457e-17,1.7763568394002505e-15,1.1102230246251565e-16,0.0,-5.551115123125783e-17,-1.7763568394002505e-15,8.881784197001252e-16,1.1102230246251565e-16,0.0,0.0,0.0,5.757742
3.552713678800501e-15,0.0,0.4316985480212278,0.0,0.0,0.0,0.0,0.0,-1.1102230246251565e-16,1.3877787807814457e-17,1.7763568394002505e-15,1.1102230246251565e-16,0.0,-5.551115123125783e-17,-1.7763568394002505e-15,8.881784197001252e-16,1.1102230246251565e-16,0.0,0.0,0.0,5.757742
3.552713678800501e-15,0.0,0.44222778089979453,0.0,0.0,0.0,0.0,0.0,-1.1102230246251565e-16,1.3877787807814457e-17,1.7763568394002505e-15,1.1102230246251565e-16,0.0,-5.551115123125783e-17,-1.7763568394002505e-15,8.881784197001252e-16,1.1102230246251565e-16,0.0,0.0,0.0,5.757742
3.552713678800501e-15,0.0,0.4527570137783608,0.0,0.0,0.0,0.0,0.0,-1.1102230246251565e-16,1.3877787807814457e-17,1.7763568394002505e-15,1.1102230246251565e-16,0.0,-5.551115123125783e-17,-1.7763568394002505e-15,8.881784197001252e-16,1.1102230246251565e-16,0.0,0.0,0.0,5.757742
3.552713678800501e-15,0.0,0.4632862466569275,0.0,0.0,0.0,0.0,0.0,-1.1102230246251565e-16,1.3877787807814457e-17,1.7763568394002505e-15,1.1102230246251565e-16,0.0,-5.551115123125783e-17,-1.7763568394002505e-15,8.881784197001252e-16,1.1102230246251565e-16,0.0,0.0,0.0,5.757742
3.552713678800501e-15,0.0,0.4738154795354938,0.0,0.0,0.0,0.0,0.0,-1.1102230246251565e-16,1.3877787807814457e-17,1.7763568394002505e-15,1.1102230246251565e-16,0.0,-5.551115123125783e-17,-1.7763568394002505e-15,8.881784197001252e-16,1.1102230246251565e-16,0.0,0.0,0.0,5.757742
3.552713678800501e-15,0.0,0.48434471241406046,0.0,0.0,0.0,0.0,0.0,-1.1102230246251565e-16,1.3877787807814457e-17,1.7763568394002505e-15,1.1102230246251565e-16,0.0,-5.551115123125783e-17,-1.7763568394002505e-15,8.881784197001252e-16,1.1102230246251565e-16,0.0,0.0,0.0,5.757742
3.552713678800501e-15,0.0,0.4948739452926272,0.0,0.0,0.0,0.0,0.0,-1.1102230246251565e-16,1.3877787807814457e-17,1.7763568394002505e-15,1.1102230246251565e-16,0.0,-5.551115123125783e-17,-1.7763568394002505e-15,8.881784197001252e-16,1.1102230246251565e-16,0.0,0.0,0.0,5.757742
3.552713678800501e-15,0.0,0.5054031781711935,0.0,0.0,0.0,0.0,0.0,-1.1102230246251565e-16,1.3877787807814457e-17,1.7763568394002505e-15,1.1102230246251565e-16,0.0,-5.551115123125783e-17,-1.7763568394002505e-15,8.881784197001252e-16,1.1102230246251565e-16,0.0,0.0,0.0,5.7611074
3.552713678800501e-15,0.0,0.5159324110497602,0.0,0.0,0.0,0.0,0.0,-1.1102230246251565e-16,1.3877787807814457e-17,1.7763568394002505e-15,1.1102230246251565e-16,0.0,-5.551115123125783e-17,-1.7763568394002505e-15,8.881784197001252e-16,1.1102230246251565e-16,0.0,0.0,0.0,5.7815447
3.552713678800501e-15,0.0,0.5264616439283265,0.0,0.0,0.0,0.0,0.0,-1.1102230246251565e-16,1.3877787807814457e-17,1.7763568394002505e-15,1.1102230246251565e-16,0.0,-5.551115123125783e-17,-1.7763568394002505e-15,8.881784197001252e-16,1.1102230246251565e-16,0.0,0.0,0.0,5.7815447
3.552713678800501e-15,0.0,0.5369908768068932,0.0,0.0,0.0,0.0,0.0,-1.1102230246251565e-16,1.3877787807814457e-17,1.7763568394002505e-15,1.1102230246251565e-16,0.0,-5.551115123125783e-17,-1.7763568394002505e-15,8.881784197001252e-16,1.1102230246251565e-16,0.0,0.0,0.0,5.7815447
3.552713678800501e-15,0.0,0.5475201096854598,0.0,0.0,0.0,0.0,0.0,-1.1102230246251565e-16,1.3877787807814457e-17,1.7763568394002505e-15,1.1102230246251565e-16,0.0,-5.551115123125783e-17,-1.7763568394002505e-15,8.881784197001252e-16,1.1102230246251565e-16,0.0,0.0,0.0,5.7815447
3.552713678800501e-15,0.0,0.5580493425640262,0.0,0.0,0.0,0.0,0.0,-1.1102230246251565e-16,1.3877787807814457e-17,1.7763568394002505e-15,1.1102230246251565e-16,0.0,-5.551115123125783e-17,-1.7763568394002505e-15,8.881784197001252e-16,1.1102230246251565e-16,0.0,0.0,0.0,5.7815447
3.552713678800501e-15,0.0,0.5685785754425928,0.0,0.0,0.0,0.0,0.0,-1.1102230246251565e-16,1.3877787807814457e-17,1.7763568394002505e-15,1.1102230246251565e-16,0.0,-5.551115123125783e-17,-1.7763568394002505e-15,8.881784197001252e-16,1.1102230246251565e-16,0.0,0.0,0.0,5.7815447
3.552713678800501e-15,0.0,0.5791078083211592,0.0,0.0,0.0,0.0,0.0,-1.1102230246251565e-16,1.3877787807814457e-17,1.7763568394002505e-15,1.1102230246251565e-16,0.0,-5.551115123125783e-17,-1.7763568394002505e-15,8.881784197001252e-16,1.1102230246251565e-16,0.0,0.0,0.0,5.7815447
3.552713678800501e-15,0.0,0.5896370411997258,0.0,0.0,0.0,0.0,0.0,-1.1102230246251565e-16,1.3877787807814457e-17,1.7763568394002505e-15,1.1102230246251565e-16,0.0,-5.551115123125783e-17,-1.7763568394002505e-15,8.881784197001252e-16,1.1102230246251565e-16,0.0,0.0,0.0,5.777159
3.552713678800501e-15,0.0,0.6001662740782925,0.0,0.0,0.0,0.0,0.0,-1.1102230246251565e-16,1.3877787807814457e-17,1.7763568394002505e-15,1.1102230246251565e-16,0.0,-5.551115123125783e-17,-1.7763568394002505e-15,8.881784197001252e-16,1.1102230246251565e-16,0.0,0.0,0.0,5.777159
3.552713678800501e-15,0.0,0.6106955069568588,0.0,0.0,0.0,0.0,0.0,-1.1102230246251565e-16,1.3877787807814457e-17,1.7763568394002505e-15,1.1102230246251565e-16,0.0,-5.551115123125783e-17,-1.7763568394002505e-15,8.881784197001252e-16,1.1102230246251565e-16,0.0,0.0,0.0,5.777159
3.552713678800501e-15,0.0,0.6212247398354255,0.0,0.0,0.0,0.0,0.0,-1.1102230246251565e-16,1.3877787807814457e-17,1.7763568394002505e-15,1.1102230246251565e-16,0.0,-5.551115123125783e-17,-1.7763568394002505e-15,8.881784197001252e-16,1.1102230246251565e-16,0.0,0.0,0.0,5.777159
3.552713678800501e-15,0.0,0.6317539727139918,0.0,0.0,0.0,0.0,0.0,-1.1102230246251565e-16,1.3877787807814457e-17,1.7763568394002505e-15,1.1102230246251565e-16,0.0,-5.551115123125783e-17,-1.7763568394002505e-15,8.881784197001252e-16,1.1102230246251565e-16,0.0,0.0,0.0,5.777159
3.552713678800501e-15,0.0,0.6422832055925585,0.0,0.0,0.0,0.0,0.0,-1.1102230246251565e-16,1.3877787807814457e-17,1.7763568394002505e-15,1.1102230246251565e-16,0.0,-5.551115123125783e-17,-1.7763568394002505e-15,8.881784197001252e-16,1.1102230246251565e-16,0.0,0.0,0.0,5.774206
3.552713678800501e-15,0.0,0.6528124384711251,0.0,0.0,0.0,0.0,0.0,-1.1102230246251565e-16,1.3877787807814457e-17,1.7763568394002505e-15,1.1102230246251565e-16,0.0,-5.551115123125783e-17,-1.7763568394002505e-15,8.881784197001252e-16,1.1102230246251565e-16,0.0,0.0,0.0,5.790964
3.552713678800501e-15,0.0,0.6633416713496915,0.0,0.0,0.0,0.0,0.0,-1.1102230246251565e-16,1.3877787807814457e-17,1.7763568394002505e-15,1.1102230246251565e-16,0.0,-5.551115123125783e-17,-1.7763568394002505e-15,8.881784197001252e-16,1.1102230246251565e-16,0.0,0.0,0.0,5.7818117
3.552713678800501e-15,0.0,0.6738709042282581,0.0,0.0,0.0,0.0,0.0,-1.1102230246251565e-16,1.3877787807814457e-17,1.7763568394002505e-15,1.1102230246251565e-16,0.0,-5.551115123125783e-17,-1.7763568394002505e-15,8.881784197001252e-16,1.1102230246251565e-16,0.0,0.0,0.0,5.7608633
3.552713678800501e-15,0.0,0.6844001371068245,0.0,0.0,0.0,0.0,0.0,-1.1102230246251565e-16,1.3877787807814457e-17,1.7763568394002505e-15,1.1102230246251565e-16,0.0,-5.551115123125783e-17,-1.7763568394002505e-15,8.881784197001252e-16,1.1102230246251565e-16,0.0,0.0,0.0,5.7016387
3.552713678800501e-15,0.0,0.6949293699853911,0.0,0.0,0.0,0.0,0.0,-1.1102230246251565e-16,1.3877787807814457e-17,1.7763568394002505e-15,1.1102230246251565e-16,0.0,-5.551115123125783e-17,-1.7763568394002505e-15,8.881784197001252e-16,1.1102230246251565e-16,0.0,0.0,0.0,5.6981773
3.552713678800501e-15,0.0,0.7054586028639578,0.0,0.0,0.0,0.0,0.0,-1.1102230246251565e-16,1.3877787807814457e-17,1.7763568394002505e-15,1.1102230246251565e-16,0.0,-5.551115123125783e-17,-1.7763568394002505e-15,8.881784197001252e-16,1.1102230246251565e-16,0.0,0.0,0.0,5.706563
3.552713678800501e-15,0.0,0.7159878357425241,0.0,0.0,0.0,0.0,0.0,-1.1102230246251565e-16,1.3877787807814457e-17,1.7763568394002505e-15,1.1102230246251565e-16,0.0,-5.551115123125783e-17,-1.7763568394002505e-15,8.881784197001252e-16,1.1102230246251565e-16,0.0,0.0,0.0,5.7241063
3.552713678800501e-15,0.0,0.7265170686210908,0.0,0.0,0.0,0.0,0.0,-1.1102230246251565e-16,1.3877787807814457e-17,1.7763568394002505e-15,1.1102230246251565e-16,0.0,-5.551115123125783e-17,-1.7763568394002505e-15,8.881784197001252e-16,1.1102230246251565e-16,0.0,0.0,0.0,5.7029705
3.552713678800501e-15,0.0,0.7370463014996571,0.0,0.0,0.0,0.0,0.0,-1.1102230246251565e-16,1.3877787807814457e-17,1.7763568394002505e-15,1.1102230246251565e-16,0.0,-5.551115123125783e-17,-1.7763568394002505e-15,8.881784197001252e-16,1.1102230246251565e-16,0.0,0.0,0.0,5.67808
3.552713678800501e-15,0.0,0.7475755343782238,0.0,0.0,0.0,0.0,0.0,-1.1102230246251565e-16,1.3877787807814457e-17,1.7763568394002505e-15,1.1102230246251565e-16,0.0,-5.551115123125783e-17,-1.7763568394002505e-15,8.881784197001252e-16,1.1102230246251565e-16,0.0,0.0,0.0,5.6560426
3.552713678800501e-15,0.0,0.7581047672567905,0.0,0.0,0.0,0.0,0.0,-1.1102230246251565e-16,1.3877787807814457e-17,1.7763568394002505e-15,1.1102230246251565e-16,0.0,-5.551115123125783e-17,-1.7763568394002505e-15,8.881784197001252e-16,1.1102230246251565e-16,0.0,0.0,0.0,5.6535835
3.552713678800501e-15,0.0,0.7686340001353568,0.0,0.0,0.0,0.0,0.0,-1.1102230246251565e-16,1.3877787807814457e-17,1.7763568394002505e-15,1.1102230246251565e-16,0.0,-5.551115123125783e-17,-1.7763568394002505e-15,8.881784197001252e-16,1.1102230246251565e-16,0.0,0.0,0.0,5.6292624
3.552713678800501e-15,0.0,0.7791632330139235,0.0,0.0,0.0,0.0,0.0,-1.1102230246251565e-16,1.3877787807814457e-17,1.7763568394002505e-15,1.1102230246251565e-16,0.0,-5.551115123125783e-17,-1.7763568394002505e-15,8.881784197001252e-16,1.1102230246251565e-16,0.0,0.0,0.0,5.6564703
3.552713678800501e-15,0.0,0.7896924658924898,0.0,0.0,0.0,0.0,0.0,-1.1102230246251565e-16,1.3877787807814457e-17,1.7763568394002505e-15,1.1102230246251565e-16,0.0,-5.551115123125783e-17,-1.7763568394002505e-15,8.881784197001252e-16,1.1102230246251565e-16,0.0,0.0,0.0,5.6625714
3.552713678800501e-15,0.0,0.8002216987710565,0.0,0.0,0.0,0.0,0.0,-1.1102230246251565e-16,1.3877787807814457e-17,1.7763568394002505e-15,1.1102230246251565e-16,0.0,-5.551115123125783e-17,-1.7763568394002505e-15,8.881784197001252e-16,1.1102230246251565e-16,0.0,0.0,0.0,5.680517
3.552713678800501e-15,0.0,0.8107509316496232,0.0,0.0,0.0,0.0,0.0,-1.1102230246251565e-16,1.3877787807814457e-17,1.7763568394002505e-15,1.1102230246251565e-16,0.0,-5.551115123125783e-17,-1.7763568394002505e-15,8.881784197001252e-16,1.1102230246251565e-16,0.0,0.0,0.0,5.67797
3.552713678800501e-15,0.0,0.8212801645281895,0.0,0.0,0.0,0.0,0.0,-1.1102230246251565e-16,1.3877787807814457e-17,1.7763568394002505e-15,1.1102230246251565e-16,0.0,-5.551115123125783e-17,-1.7763568394002505e-15,8.881784197001252e-16,1.1102230246251565e-16,0.0,0.0,0.0,5.624509
3.552713678800501e-15,0.0,0.8318093974067562,0.0,0.0,0.0,0.0,0.0,-1.1102230246251565e-16,1.3877787807814457e-17,1.7763568394002505e-15,1.1102230246251565e-16,0.0,-5.551115123125783e-17,-1.7763568394002505e-15,8.881784197001252e-16,1.1102230246251565e-16,0.0,0.0,0.0,5.6377096
3.552713678800501e-15,0.0,0.8423386302853225,0.0,0.0,0.0,0.0,0.0,-1.1102230246251565e-16,1.3877787807814457e-17,1.7763568394002505e-15,1.1102230246251565e-16,0.0,-5.551115123125783e-17,-1.7763568394002505e-15,8.881784197001252e-16,1.1102230246251565e-16,0.0,0.0,0.0,5.631267
3.552713678800501e-15,0.0,0.8528678631638892,0.0,0.0,0.0,0.0,0.0,-1.1102230246251565e-16,1.3877787807814457e-17,1.7763568394002505e-15,1.1102230246251565e-16,0.0,-5.551115123125783e-17,-1.7763568394002505e-15,8.881784197001252e-16,1.1102230246251565e-16,0.0,0.0,0.0,5.631267
3.552713678800501e-15,0.0,0.8633970960424558,0.0,0.0,0.0,0.0,0.0,-1.1102230246251565e-16,1.3877787807814457e-17,1.7763568394002505e-15,1.1102230246251565e-16,0.0,-5.551115123125783e-17,-1.7763568394002505e-15,8.881784197001252e-16,1.1102230246251565e-16,0.0,0.0,0.0,5.6128836
3.552713678800501e-15,0.0,0.8739263289210222,0.0,0.0,0.0,0.0,0.0,-1.1102230246251565e-16,1.3877787807814457e-17,1.7763568394002505e-15,1.1102230246251565e-16,0.0,-5.551115123125783e-17,-1.7763568394002505e-15,8.881784197001252e-16,1.1102230246251565e-16,0.0,0.0,0.0,5.6232843
3.552713678800501e-15,0.0,0.8844555617995888,0.0,0.0,0.0,0.0,0.0,-1.1102230246251565e-16,1.3877787807814457e-17,1.7763568394002505e-15,1.1102230246251565e-16,0.0,-5.551115123125783e-17,-1.7763568394002505e-15,8.881784197001252e-16,1.1102230246251565e-16,0.0,0.0,0.0,5.6232843
3.552713678800501e-15,0.0,0.8949847946781552,0.0,0.0,0.0,0.0,0.0,-1.1102230246251565e-16,1.3877787807814457e-17,1.7763568394002505e-15,1.1102230246251565e-16,0.0,-5.551115123125783e-17,-1.7763568394002505e-15,8.881784197001252e-16,1.1102230246251565e-16,0.0,0.0,0.0,5.6294794
3.552713678800501e-15,0.0,0.9055140275567218,0.0,0.0,0.0,0.0,0.0,-1.1102230246251565e-16,1.3877787807814457e-17,1.7763568394002505e-15,1.1102230246251565e-16,0.0,-5.551115123125783e-17,-1.7763568394002505e-15,8.881784197001252e-16,1.1102230246251565e-16,0.0,0.0,0.0,5.6595135
3.552713678800501e-15,0.0,0.9160432604352885,0.0,0.0,0.0,0.0,0.0,-1.1102230246251565e-16,1.3877787807814457e-17,1.7763568394002505e-15,1.1102230246251565e-16,0.0,-5.551115123125783e-17,-1.7763568394002505e-15,8.881784197001252e-16,1.1102230246251565e-16,0.0,0.0,0.0,5.6130795
3.552713678800501e-15,0.0,0.9265724933138548,0.0,0.0,0.0,0.0,0.0,-1.1102230246251565e-16,1.3877787807814457e-17,1.7763568394002505e-15,1.1102230246251565e-16,0.0,-5.551115123125783e-17,-1.7763568394002505e-15,8.881784197001252e-16,1.1102230246251565e-16,0.0,0.0,0.0,5.5923924
3.552713678800501e-15,0.0,0.9371017261924215,0.0,0.0,0.0,0.0,0.0,-1.1102230246251565e-16,1.3877787807814457e-17,1.7763568394002505e-15,1.1102230246251565e-16,0.0,-5.551115123125783e-17,-1.7763568394002505e-15,8.881784197001252e-16,1.1102230246251565e-16,0.0,0.0,0.0,5.5923924
3.552713678800501e-15,0.0,0.9476309590709878,0.0,0.0,0.0,0.0,0.0,-1.1102230246251565e-16,1.3877787807814457e-17,1.7763568394002505e-15,1.1102230246251565e-16,0.0,-5.551115123125783e-17,-1.7763568394002505e-15,8.881784197001252e-16,1.1102230246251565e-16,0.0,0.0,0.0,5.5923924
3.552713678800501e-15,0.0,0.9581601919495545,0.0,0.0,0.0,0.0,0.0,-1.1102230246251565e-16,1.3877787807814457e-17,1.7763568394002505e-15,1.1102230246251565e-16,0.0,-5.551115123125783e-17,-1.7763568394002505e-15,8.881784197001252e-16,1.1102230246251565e-16,0.0,0.0,0.0,5.5923924
3.552713678800501e-15,0.0,0.9686894248281211,0.0,0.0,0.0,0.0,0.0,-1.1102230246251565e-16,1.3877787807814457e-17,1.7763568394002505e-15,1.1102230246251565e-16,0.0,-5.551115123125783e-17,-1.7763568394002505e-15,8.881784197001252e-16,1.1102230246251565e-16,0.0,0.0,0.0,5.5713296
3.552713678800501e-15,0.0,0.9792186577066875,0.0,0.0,0.0,0.0,0.0,-1.1102230246251565e-16,1.3877787807814457e-17,1.7763568394002505e-15,1.1102230246251565e-16,0.0,-5.551115123125783e-17,-1.7763568394002505e-15,8.881784197001252e-16,1.1102230246251565e-16,0.0,0.0,0.0,5.5713296
3.552713678800501e-15,0.0,0.9897478905852541,0.0,0.0,0.0,0.0,0.0,-1.1102230246251565e-16,1.3877787807814457e-17,1.7763568394002505e-15,1.1102230246251565e-16,0.0,-5.551115123125783e-17,-1.7763568394002505e-15,8.881784197001252e-16,1.1102230246251565e-16,0.0,0.0,0.0,5.5677643
3.552713678800501e-15,0.0,1.0002771234638204,0.0,0.0,0.0,0.0,0.0,-1.1102230246251565e-16,1.3877787807814457e-17,1.7763568394002505e-15,1.1102230246251565e-16,0.0,-5.551115123125783e-17,-1.7763568394002505e-15,8.881784197001252e-16,1.1102230246251565e-16,0.0,0.0,0.0,5.5677643
3.552713678800501e-15,0.0,1.0108063563423872,0.0,0.0,0.0,0.0,0.0,-1.1102230246251565e-16,1.3877787807814457e-17,1.7763568394002505e-15,1.1102230246251565e-16,0.0,-5.551115123125783e-17,-1.7763568394002505e-15,8.881784197001252e-16,1.1102230246251565e-16,0.0,0.0,0.0,5.5677643
3.552713678800501e-15,0.0,1.021335589220954,0.0,0.0,0.0,0.0,0.0,-1.1102230246251565e-16,1.3877787807814457e-17,1.7763568394002505e-15,1.1102230246251565e-16,0.0,-5.551115123125783e-17,-1.7763568394002505e-15,8.881784197001252e-16,1.1102230246251565e-16,0.0,0.0,0.0,5.5677643
3.552713678800501e-15,0.0,1.0318648220995201,0.0,0.0,0.0,0.0,0.0,-1.1102230246251565e-16,1.3877787807814457e-17,1.7763568394002505e-15,1.1102230246251565e-16,0.0,-5.551115123125783e-17,-1.7763568394002505e-15,8.881784197001252e-16,1.1102230246251565e-16,0.0,0.0,0.0,5.5677643
3.552713678800501e-15,0.0,1.0423940549780868,0.0,0.0,0.0,0.0,0.0,-1.1102230246251565e-16,1.3877787807814457e-17,1.7763568394002505e-15,1.1102230246251565e-16,0.0,-5.551115123125783e-17,-1.7763568394002505e-15,8.881784197001252e-16,1.1102230246251565e-16,0.0,0.0,0.0,5.5677643
3.552713678800501e-15,0.0,1.0529232878566532,0.0,0.0,0.0,0.0,0.0,-1.1102230246251565e-16,1.3877787807814457e-17,1.7763568394002505e-15,1.1102230246251565e-16,0.0,-5.551115123125783e-17,-1.7763568394002505e-15,8.881784197001252e-16,1.1102230246251565e-16,0.0,0.0,0.0,5.5677643
3.552713678800501e-15,0.0,1.06345252073522,0.0,0.0,0.0,0.0,0.0,-1.1102230246251565e-16,1.3877787807814457e-17,1.7763568394002505e-15,1.1102230246251565e-16,0.0,-5.551115123125783e-17,-1.7763568394002505e-15,8.881784197001252e-16,1.1102230246251565e-16,0.0,0.0,0.0,5.5677643
3.552713678800501e-15,0.0,1.0739817536137866,0.0,0.0,0.0,0.0,0.0,-1.1102230246251565e-16,1.3877787807814457e-17,1.7763568394002505e-15,1.1102230246251565e-16,0.0,-5.551115123125783e-17,-1.7763568394002505e-15,8.881784197001252e-16,1.1102230246251565e-16,0.0,0.0,0.0,5.5677643
3.552713678800501e-15,0.0,1.0845109864923528,0.0,0.0,0.0,0.0,0.0,-1.1102230246251565e-16,1.3877787807814457e-17,1.7763568394002505e-15,1.1102230246251565e-16,0.0,-5.551115123125783e-17,-1.7763568394002505e-15,8.881784197001252e-16,1.1102230246251565e-16,0.0,0.0,0.0,5.5677643
3.552713678800501e-15,0.0,1.0950402193709194,0.0,0.0,0.0,0.0,0.0,-1.1102230246251565e-16,1.3877787807814457e-17,1.7763568394002505e-15,1.1102230246251565e-16,0.0,-5.551115123125783e-17,-1.7763568394002505e-15,8.881784197001252e-16,1.1102230246251565e-16,0.0,0.0,0.0,5.5677643
3.552713678800501e-15,0.0,1.1055694522494859,0.0,0.0,0.0,0.0,0.0,-1.1102230246251565e-16,1.3877787807814457e-17,1.7763568394002505e-15,1.1102230246251565e-16,0.0,-5.551115123125783e-17,-1.7763568394002505e-15,8.881784197001252e-16,1.1102230246251565e-16,0.0,0.0,0.0,5.5677643
3.552713678800501e-15,0.0,1.1160986851280525,0.0,0.0,0.0,0.0,0.0,-1.1102230246251565e-16,1.3877787807814457e-17,1.7763568394002505e-15,1.1102230246251565e-16,0.0,-5.551115123125783e-17,-1.7763568394002505e-15,8.881784197001252e-16,1.1102230246251565e-16,0.0,0.0,0.0,5.5677643
3.552713678800501e-15,0.0,1.1266279180066192,0.0,0.0,0.0,0.0,0.0,-1.1102230246251565e-16,1.3877787807814457e-17,1.7763568394002505e-15,1.1102230246251565e-16,0.0,-5.551115123125783e-17,-1.7763568394002505e-15,8.881784197001252e-16,1.1102230246251565e-16,0.0,0.0,0.0,5.5677643
3.552713678800501e-15,0.0,1.1371571508851854,0.0,0.0,0.0,0.0,0.0,-1.1102230246251565e-16,1.3877787807814457e-17,1.7763568394002505e-15,1.1102230246251565e-16,0.0,-5.551115123125783e-17,-1.7763568394002505e-15,8.881784197001252e-16,1.1102230246251565e-16,0.0,0.0,0.0,5.5677643
3.552713678800501e-15,0.0,1.147686383763752,0.0,0.0,0.0,0.0,0.0,-1.1102230246251565e-16,1.3877787807814457e-17,1.7763568394002505e-15,1.1102230246251565e-16,0.0,-5.551115123125783e-17,-1.7763568394002505e-15,8.881784197001252e-16,1.1102230246251565e-16,0.0,0.0,0.0,5.5677643
3.552713678800501e-15,0.0,1.1582156166423185,0.0,0.0,0.0,0.0,0.0,-1.1102230246251565e-16,1.3877787807814457e-17,1.7763568394002505e-15,1.1102230246251565e-16,0.0,-5.551115123125783e-17,-1.7763568394002505e-15,8.881784197001252e-16,1.1102230246251565e-16,0.0,0.0,0.0,5.5677643
3.552713678800501e-15,0.0,1.1687448495208852,0.0,0.0,0.0,0.0,0.0,-1.1102230246251565e-16,1.3877787807814457e-17,1.7763568394002505e-15,1.1102230246251565e-16,0.0,-5.551115123125783e-17,-1.7763568394002505e-15,8.881784197001252e-16,1.1102230246251565e-16,0.0,0.0,0.0,5.5677643
3.552713678800501e-15,0.0,1.1792740823994519,0.0,0.0,0.0,0.0,0.0,-1.1102230246251565e-16,1.3877787807814457e-17,1.7763568394002505e-15,1.1102230246251565e-16,0.0,-5.551115123125783e-17,-1.7763568394002505e-15,8.881784197001252e-16,1.1102230246251565e-16,0.0,0.0,0.0,5.5677643
3.552713678800501e-15,0.0,1.189803315278018,0.0,0.0,0.0,0.0,0.0,-1.1102230246251565e-16,1.3877787807814457e-17,1.7763568394002505e-15,1.1102230246251565e-16,0.0,-5.551115123125783e-17,-1.7763568394002505e-15,8.881784197001252e-16,1.1102230246251565e-16,0.0,0.0,0.0,5.5677643
3.552713678800501e-15,0.0,1.2003325481565847,0.0,0.0,0.0,0.0,0.0,-1.1102230246251565e-16,1.3877787807814457e-17,1.7763568394002505e-15,1.1102230246251565e-16,0.0,-5.551115123125783e-17,-1.7763568394002505e-15,8.881784197001252e-16,1.1102230246251565e-16,0.0,0.0,0.0,5.5677643
3.552713678800501e-15,0.0,1.2108617810351512,0.0,0.0,0.0,0.0,0.0,-1.1102230246251565e-16,1.3877787807814457e-17,1.7763568394002505e-15,1.1102230246251565e-16,0.0,-5.551115123125783e-17,-1.7763568394002505e-15,8.881784197001252e-16,1.1102230246251565e-16,0.0,0.0,0.0,5.5677643
3.552713678800501e-15,0.0,1.2213910139137178,0.0,0.0,0.0,0.0,0.0,-1.1102230246251565e-16,1.3877787807814457e-17,1.7763568394002505e-15,1.1102230246251565e-16,0.0,-5.551115123125783e-17,-1.7763568394002505e-15,8.881784197001252e-16,1.1102230246251565e-16,0.0,0.0,0.0,5.57814
3.552713678800501e-15,0.0,1.2319202467922845,0.0,0.0,0.0,0.0,0.0,-1.1102230246251565e-16,1.3877787807814457e-17,1.7763568394002505e-15,1.1102230246251565e-16,0.0,-5.551115123125783e-17,-1.7763568394002505e-15,8.881784197001252e-16,1.1102230246251565e-16,0.0,0.0,0.0,5.57814
3.552713678800501e-15,0.0,1.2424494796708507,0.0,0.0,0.0,0.0,0.0,-1.1102230246251565e-16,1.3877787807814457e-17,1.7763568394002505e-15,1.1102230246251565e-16,0.0,-5.551115123125783e-17,-1.7763568394002505e-15,8.881784197001252e-16,1.1102230246251565e-16,0.0,0.0,0.0,5.57814
3.552713678800501e-15,0.0,1.2529787125494174,0.0,0.0,0.0,0.0,0.0,-1.1102230246251565e-16,1.3877787807814457e-17,1.7763568394002505e-15,1.1102230246251565e-16,0.0,-5.551115123125783e-17,-1.7763568394002505e-15,8.881784197001252e-16,1.1102230246251565e-16,0.0,0.0,0.0,5.57814
3.552713678800501e-15,0.0,1.2635079454279838,0.0,0.0,0.0,0.0,0.0,-1.1102230246251565e-16,1.3877787807814457e-17,1.7763568394002505e-15,1.1102230246251565e-16,0.0,-5.551115123125783e-17,-1.7763568394002505e-15,8.881784197001252e-16,1.1102230246251565e-16,0.0,0.0,0.0,5.57814
3.552713678800501e-15,0.0,1.2740371783065505,0.0,0.0,0.0,0.0,0.0,-1.1102230246251565e-16,1.3877787807814457e-17,1.7763568394002505e-15,1.1102230246251565e-16,0.0,-5.551115123125783e-17,-1.7763568394002505e-15,8.881784197001252e-16,1.1102230246251565e-16,0.0,0.0,0.0,5.57814
3.552713678800501e-15,0.0,1.2845664111851172,0.0,0.0,0.0,0.0,0.0,-1.1102230246251565e-16,1.3877787807814457e-17,1.7763568394002505e-15,1.1102230246251565e-16,0.0,-5.551115123125783e-17,-1.7763568394002505e-15,8.881784197001252e-16,1.1102230246251565e-16,0.0,0.0,0.0,5.57814
3.552713678800501e-15,0.0,1.2950956440636834,0.0,0.0,0.0,0.0,0.0,-1.1102230246251565e-16,1.3877787807814457e-17,1.7763568394002505e-15,1.1102230246251565e-16,0.0,-5.551115123125783e-17,-1.7763568394002505e-15,8.881784197001252e-16,1.1102230246251565e-16,0.0,0.0,0.0,5.57814
3.552713678800501e-15,0.0,1.3056248769422503,0.0,0.0,0.0,0.0,0.0,-1.1102230246251565e-16,1.3877787807814457e-17,1.7763568394002505e-15,1.1102230246251565e-16,0.0,-5.551115123125783e-17,-1.7763568394002505e-15,8.881784197001252e-16,1.1102230246251565e-16,0.0,0.0,0.0,5.57814
3.552713678800501e-15,0.0,1.3161541098208165,0.0,0.0,0.0,0.0,0.0,-1.1102230246251565e-16,1.3877787807814457e-17,1.7763568394002505e-15,1.1102230246251565e-16,0.0,-5.551115123125783e-17,-1.7763568394002505e-15,8.881784197001252e-16,1.1102230246251565e-16,0.0,0.0,0.0,5.57814
3.552713678800501e-15,0.0,1.3266833426993832,0.0,0.0,0.0,0.0,0.0,-1.1102230246251565e-16,1.3877787807814457e-17,1.7763568394002505e-15,1.1102230246251565e-16,0.0,-5.551115123125783e-17,-1.7763568394002505e-15,8.881784197001252e-16,1.1102230246251565e-16,0.0,0.0,0.0,5.57814
3.552713678800501e-15,0.0,1.3372125755779498,0.0,0.0,0.0,0.0,0.0,-1.1102230246251565e-16,1.3877787807814457e-17,1.7763568394002505e-15,1.1102230246251565e-16,0.0,-5.551115123125783e-17,-1.7763568394002505e-15,8.881784197001252e-16,1.1102230246251565e-16,0.0,0.0,0.0,5.57814
3.552713678800501e-15,0.0,1.347741808456516,0.0,0.0,0.0,0.0,0.0,-1.1102230246251565e-16,1.3877787807814457e-17,1.7763568394002505e-15,1.1102230246251565e-16,0.0,-5.551115123125783e-17,-1.7763568394002505e-15,8.881784197001252e-16,1.1102230246251565e-16,0.0,0.0,0.0,5.57814
3.552713678800501e-15,0.0,1.358271041335083,0.0,0.0,0.0,0.0,0.0,-1.1102230246251565e-16,1.3877787807814457e-17,1.7763568394002505e-15,1.1102230246251565e-16,0.0,-5.551115123125783e-17,-1.7763568394002505e-15,8.881784197001252e-16,1.1102230246251565e-16,0.0,0.0,0.0,5.57814
3.552713678800501e-15,0.0,1.3688002742136491,0.0,0.0,0.0,0.0,0.0,-1.1102230246251565e-16,1.3877787807814457e-17,1.7763568394002505e-15,1.1102230246251565e-16,0.0,-5.551115123125783e-17,-1.7763568394002505e-15,8.881784197001252e-16,1.1102230246251565e-16,0.0,0.0,0.0,5.57814
3.552713678800501e-15,0.0,1.3793295070922158,0.0,0.0,0.0,0.0,0.0,-1.1102230246251565e-16,1.3877787807814457e-17,1.7763568394002505e-15,1.1102230246251565e-16,0.0,-5.551115123125783e-17,-1.7763568394002505e-15,8.881784197001252e-16,1.1102230246251565e-16,0.0,0.0,0.0,5.57814
3.552713678800501e-15,0.0,1.3898587399707825,0.0,0.0,0.0,0.0,0.0,-1.1102230246251565e-16,1.3877787807814457e-17,1.7763568394002505e-15,1.1102230246251565e-16,0.0,-5.551115123125783e-17,-1.7763568394002505e-15,8.881784197001252e-16,1.1102230246251565e-16,0.0,0.0,0.0,5.57814
3.552713678800501e-15,0.0,1.400387972849349,0.0,0.0,0.0,0.0,0.0,-1.1102230246251565e-16,1.3877787807814457e-17,1.7763568394002505e-15,1.1102230246251565e-16,0.0,-5.551115123125783e-17,-1.7763568394002505e-15,8.881784197001252e-16,1.1102230246251565e-16,0.0,0.0,0.0,5.57814
3.552713678800501e-15,0.0,1.4109172057279156,0.0,0.0,0.0,0.0,0.0,-1.1102230246251565e-16,1.3877787807814457e-17,1.7763568394002505e-15,1.1102230246251565e-16,0.0,-5.551115123125783e-17,-1.7763568394002505e-15,8.881784197001252e-16,1.1102230246251565e-16,0.0,0.0,0.0,5.57814
3.552713678800501e-15,0.0,1.4214464386064818,0.0,0.0,0.0,0.0,0.0,-1.1102230246251565e-16,1.3877787807814457e-17,1.7763568394002505e-15,1.1102230246251565e-16,0.0,-5.551115123125783e-17,-1.7763568394002505e-15,8.881784197001252e-16,1.1102230246251565e-16,0.0,0.0,0.0,5.57814
3.552713678800501e-15,0.0,1.4319756714850485,0.0,0.0,0.0,0.0,0.0,-1.1102230246251565e-16,1.3877787807814457e-17,1.7763568394002505e-15,1.1102230246251565e-16,0.0,-5.551115123125783e-17,-1.7763568394002505e-15,8.881784197001252e-16,1.1102230246251565e-16,0.0,0.0,0.0,5.57814
3.552713678800501e-15,0.0,1.4425049043636151,0.0,0.0,0.0,0.0,0.0,-1.1102230246251565e-16,1.3877787807814457e-17,1.7763568394002505e-15,1.1102230246251565e-16,0.0,-5.551115123125783e-17,-1.7763568394002505e-15,8.881784197001252e-16,1.1102230246251565e-16,0.0,0.0,0.0,5.57814
3.552713678800501e-15,0.0,1.4530341372421816,0.0,0.0,0.0,0.0,0.0,-1.1102230246251565e-16,1.3877787807814457e-17,1.7763568394002505e-15,1.1102230246251565e-16,0.0,-5.551115123125783e-17,-1.7763568394002505e-15,8.881784197001252e-16,1.1102230246251565e-16,0.0,0.0,0.0,5.57814
3.552713678800501e-15,0.0,1.4635633701207482,0.0,0.0,0.0,0.0,0.0,-1.1102230246251565e-16,1.3877787807814457e-17,1.7763568394002505e-15,1.1102230246251565e-16,0.0,-5.551115123125783e-17,-1.7763568394002505e-15,8.881784197001252e-16,1.1102230246251565e-16,0.0,0.0,0.0,5.57814
3.552713678800501e-15,0.0,1.4740926029993144,0.0,0.0,0.0,0.0,0.0,-1.1102230246251565e-16,1.3877787807814457e-17,1.7763568394002505e-15,1.1102230246251565e-16,0.0,-5.551115123125783e-17,-1.7763568394002505e-15,8.881784197001252e-16,1.1102230246251565e-16,0.0,0.0,0.0,5.57814
3.552713678800501e-15,0.0,1.484621835877881,0.0,0.0,0.0,0.0,0.0,-1.1102230246251565e-16,1.3877787807814457e-17,1.7763568394002505e-15,1.1102230246251565e-16,0.0,-5.551115123125783e-17,-1.7763568394002505e-15,8.881784197001252e-16,1.1102230246251565e-16,0.0,0.0,0.0,5.57814
3.552713678800501e-15,0.0,1.4951510687564478,0.0,0.0,0.0,0.0,0.0,-1.1102230246251565e-16,1.3877787807814457e-17,1.7763568394002505e-15,1.1102230246251565e-16,0.0,-5.551115123125783e-17,-1.7763568394002505e-15,8.881784197001252e-16,1.1102230246251565e-16,0.0,0.0,0.0,5.57814
3.552713678800501e-15,0.0,1.5056803016350142,0.0,0.0,0.0,0.0,0.0,-1.1102230246251565e-16,1.3877787807814457e-17,1.7763568394002505e-15,1.1102230246251565e-16,0.0,-5.551115123125783e-17,-1.7763568394002505e-15,8.881784197001252e-16,1.1102230246251565e-16,0.0,0.0,0.0,5.57814
3.552713678800501e-15,0.0,1.5162095345135809,0.0,0.0,0.0,0.0,0.0,-1.1102230246251565e-16,1.3877787807814457e-17,1.7763568394002505e-15,1.1102230246251565e-16,0.0,-5.551115123125783e-17,-1.7763568394002505e-15,8.881784197001252e-16,1.1102230246251565e-16,0.0,0.0,0.0,5.57814
3.552713678800501e-15,0.0,1.526738767392147,0.0,0.0,0.0,0.0,0.0,-1.1102230246251565e-16,1.3877787807814457e-17,1.7763568394002505e-15,1.1102230246251565e-16,0.0,-5.551115123125783e-17,-1.7763568394002505e-15,8.881784197001252e-16,1.1102230246251565e-16,0.0,0.0,0.0,5.57814
3.552713678800501e-15,0.0,1.5372680002707138,0.0,0.0,0.0,0.0,0.0,-1.1102230246251565e-16,1.3877787807814457e-17,1.7763568394002505e-15,1.1102230246251565e-16,0.0,-5.551115123125783e-17,-1.7763568394002505e-15,8.881784197001252e-16,1.1102230246251565e-16,0.0,0.0,0.0,5.57814
3.552713678800501e-15,0.0,1.5477972331492804,0.0,0.0,0.0,0.0,0.0,-1.1102230246251565e-16,1.3877787807814457e-17,1.7763568394002505e-15,1.1102230246251565e-16,0.0,-5.551115123125783e-17,-1.7763568394002505e-15,8.881784197001252e-16,1.1102230246251565e-16,0.0,0.0,0.0,5.57814
3.552713678800501e-15,0.0,1.5583264660278469,0.0,0.0,0.0,0.0,0.0,-1.1102230246251565e-16,1.3877787807814457e-17,1.7763568394002505e-15,1.1102230246251565e-16,0.0,-5.551115123125783e-17,-1.7763568394002505e-15,8.881784197001252e-16,1.1102230246251565e-16,0.0,0.0,0.0,5.57814
3.552713678800501e-15,0.0,1.5688556989064135,0.0,0.0,0.0,0.0,0.0,-1.1102230246251565e-16,1.3877787807814457e-17,1.7763568394002505e-15,1.1102230246251565e-16,0.0,-5.551115123125783e-17,-1.7763568394002505e-15,8.881784197001252e-16,1.1102230246251565e-16,0.0,0.0,0.0,5.57814
3.552713678800501e-15,0.0,1.5793849317849797,0.0,0.0,0.0,0.0,0.0,-1.1102230246251565e-16,1.3877787807814457e-17,1.7763568394002505e-15,1.1102230246251565e-16,0.0,-5.551115123125783e-17,-1.7763568394002505e-15,8.881784197001252e-16,1.1102230246251565e-16,0.0,0.0,0.0,5.57814
3.552713678800501e-15,0.0,1.5899141646635464,0.0,0.0,0.0,0.0,0.0,-1.1102230246251565e-16,1.3877787807814457e-17,1.7763568394002505e-15,1.1102230246251565e-16,0.0,-5.551115123125783e-17,-1.7763568394002505e-15,8.881784197001252e-16,1.1102230246251565e-16,0.0,0.0,0.0,5.57814
3.552713678800501e-15,0.0,1.600443397542113,0.0,0.0,0.0,0.0,0.0,-1.1102230246251565e-16,1.3877787807814457e-17,1.7763568394002505e-15,1.1102230246251565e-16,0.0,-5.551115123125783e-17,-1.7763568394002505e-15,8.881784197001252e-16,1.1102230246251565e-16,0.0,0.0,0.0,5.57814
3.552713678800501e-15,0.0,1.6109726304206795,0.0,0.0,0.0,0.0,0.0,-1.1102230246251565e-16,1.3877787807814457e-17,1.7763568394002505e-15,1.1102230246251565e-16,0.0,-5.551115123125783e-17,-1.7763568394002505e-15,8.881784197001252e-16,1.1102230246251565e-16,0.0,0.0,0.0,5.57814
3.552713678800501e-15,0.0,1.6215018632992462,0.0,0.0,0.0,0.0,0.0,-1.1102230246251565e-16,1.3877787807814457e-17,1.7763568394002505e-15,1.1102230246251565e-16,0.0,-5.551115123125783e-17,-1.7763568394002505e-15,8.881784197001252e-16,1.1102230246251565e-16,0.0,0.0,0.0,5.57814
3.552713678800501e-15,0.0,1.6320310961778124,0.0,0.0,0.0,0.0,0.0,-1.1102230246251565e-16,1.3877787807814457e-17,1.7763568394002505e-15,1.1102230246251565e-16,0.0,-5.551115123125783e-17,-1.7763568394002505e-15,8.881784197001252e-16,1.1102230246251565e-16,0.0,0.0,0.0,5.57814
3.552713678800501e-15,0.0,1.642560329056379,0.0,0.0,0.0,0.0,0.0,-1.1102230246251565e-16,1.3877787807814457e-17,1.7763568394002505e-15,1.1102230246251565e-16,0.0,-5.551115123125783e-17,-1.7763568394002505e-15,8.881784197001252e-16,1.1102230246251565e-16,0.0,0.0,0.0,5.57814
3.552713678800501e-15,0.0,1.6530895619349457,0.0,0.0,0.0,0.0,0.0,-1.1102230246251565e-16,1.3877787807814457e-17,1.7763568394002505e-15,1.1102230246251565e-16,0.0,-5.551115123125783e-17,-1.7763568394002505e-15,8.881784197001252e-16,1.1102230246251565e-16,0.0,0.0,0.0,5.57814
3.552713678800501e-15,0.0,1.6636187948135122,0.0,0.0,0.0,0.0,0.0,-1.1102230246251565e-16,1.3877787807814457e-17,1.7763568394002505e-15,1.1102230246251565e-16,0.0,-5.551115123125783e-17,-1.7763568394002505e-15,8.881784197001252e-16,1.1102230246251565e-16,0.0,0.0,0.0,5.57814
3.552713678800501e-15,0.0,1.6741480276920788,0.0,0.0,0.0,0.0,0.0,-1.1102230246251565e-16,1.3877787807814457e-17,1.7763568394002505e-15,1.1102230246251565e-16,0.0,-5.551115123125783e-17,-1.7763568394002505e-15,8.881784197001252e-16,1.1102230246251565e-16,0.0,0.0,0.0,5.57814
3.552713678800501e-15,0.0,1.684677260570645,0.0,0.0,0.0,0.0,0.0,-1.1102230246251565e-16,1.3877787807814457e-17,1.7763568394002505e-15,1.1102230246251565e-16,0.0,-5.551115123125783e-17,-1.7763568394002505e-15,8.881784197001252e-16,1.1102230246251565e-16,0.0,0.0,0.0,5.57814
3.552713678800501e-15,0.0,1.695206493449212,0.0,0.0,0.0,0.0,0.0,-1.1102230246251565e-16,1.3877787807814457e-17,1.7763568394002505e-15,1.1102230246251565e-16,0.0,-5.551115123125783e-17,-1.7763568394002505e-15,8.881784197001252e-16,1.1102230246251565e-16,0.0,0.0,0.0,5.57814
3.552713678800501e-15,0.0,1.7057357263277786,0.0,0.0,0.0,0.0,0.0,-1.1102230246251565e-16,1.3877787807814457e-17,1.7763568394002505e-15,1.1102230246251565e-16,0.0,-5.551115123125783e-17,-1.7763568394002505e-15,8.881784197001252e-16,1.1102230246251565e-16,0.0,0.0,0.0,5.57814
3.552713678800501e-15,0.0,1.7162649592063446,0.0,0.0,0.0,0.0,0.0,-1.1102230246251565e-16,1.3877787807814457e-17,1.7763568394002505e-15,1.1102230246251565e-16,0.0,-5.551115123125783e-17,-1.7763568394002505e-15,8.881784197001252e-16,1.1102230246251565e-16,0.0,0.0,0.0,5.57814
3.552713678800501e-15,0.0,1.7267941920849113,0.0,0.0,0.0,0.0,0.0,-1.1102230246251565e-16,1.3877787807814457e-17,1.7763568394002505e-15,1.1102230246251565e-16,0.0,-5.551115123125783e-17,-1.7763568394002505e-15,8.881784197001252e-16,1.1102230246251565e-16,0.0,0.0,0.0,5.57814
